contrast,topic,measure,mean,sample_standard_deviation,seed20,seed21,ci95_low,ci95_high,scope
snapshots:scanner_minus_uniform,all,accuracy,-0.09114583333333334,0.042352749914819236,-0.12109375,-0.061197916666666685,-0.47167019392960685,0.2893785272629401,Routing counterfactual on the identical bank and saved expert outputs.
snapshots:scanner_minus_uniform,all,macro_all_roles,-0.09114583333333331,0.04235274991481928,-0.12109375,-0.06119791666666663,-0.4716701939296072,0.28937852726294055,Routing counterfactual on the identical bank and saved expert outputs.
snapshots:scanner_minus_uniform,all,macro_agent_patient_accuracy,0.15462239583333331,0.01335032334271477,0.1640625,0.14518229166666666,0.03467449955842092,0.2745702921082457,Routing counterfactual on the identical bank and saved expert outputs.
snapshots:scanner_minus_uniform,all,cross_entropy,0.2089689236076191,0.13935139029057336,0.11043261056538145,0.30750523664985674,-1.0430536438802165,1.4609914910954547,Routing counterfactual on the identical bank and saved expert outputs.
snapshots:scanner_minus_uniform,0,accuracy,-0.1513671875,0.008286407592029853,-0.1572265625,-0.1455078125,-0.2258176058775318,-0.0769167691224682,Routing counterfactual on the identical bank and saved expert outputs.
snapshots:scanner_minus_uniform,0,macro_all_roles,-0.1513671875,0.008286407592029853,-0.1572265625,-0.1455078125,-0.2258176058775318,-0.0769167691224682,Routing counterfactual on the identical bank and saved expert outputs.
snapshots:scanner_minus_uniform,0,macro_agent_patient_accuracy,0.2431640625,0.06767232866824381,0.291015625,0.1953125,-0.3648476875831764,0.8511758125831764,Routing counterfactual on the identical bank and saved expert outputs.
snapshots:scanner_minus_uniform,0,cross_entropy,0.30168086812935113,0.42371852595647014,0.0020666251111629563,0.6012951111475393,-3.5052790456108682,4.10864078186957,Routing counterfactual on the identical bank and saved expert outputs.
snapshots:scanner_minus_uniform,1,accuracy,-0.09130859375,0.09736528920635078,-0.16015625,-0.0224609375,-0.9661010096859987,0.7834838221859987,Routing counterfactual on the identical bank and saved expert outputs.
snapshots:scanner_minus_uniform,1,macro_all_roles,-0.09130859375,0.09736528920635078,-0.16015625,-0.0224609375,-0.9661010096859987,0.7834838221859987,Routing counterfactual on the identical bank and saved expert outputs.
snapshots:scanner_minus_uniform,1,macro_agent_patient_accuracy,0.17578125,0.035907766232129365,0.150390625,0.201171875,-0.14683722963597112,0.4983997296359711,Routing counterfactual on the identical bank and saved expert outputs.
snapshots:scanner_minus_uniform,1,cross_entropy,-0.08227715274287384,0.028771344616022893,-0.061932739861028985,-0.10262156562471869,-0.34077742806210104,0.17622312257635336,Routing counterfactual on the identical bank and saved expert outputs.
snapshots:scanner_minus_uniform,2,accuracy,-0.03076171875,0.02140655294607712,-0.0458984375,-0.015625,-0.22309196622529048,0.16156852872529048,Routing counterfactual on the identical bank and saved expert outputs.
snapshots:scanner_minus_uniform,2,macro_all_roles,-0.03076171875,0.02140655294607712,-0.0458984375,-0.015625,-0.22309196622529048,0.16156852872529048,Routing counterfactual on the identical bank and saved expert outputs.
snapshots:scanner_minus_uniform,2,macro_agent_patient_accuracy,0.044921875,0.008286407592029853,0.05078125,0.0390625,-0.029528543377531802,0.1193722933775318,Routing counterfactual on the identical bank and saved expert outputs.
snapshots:scanner_minus_uniform,2,cross_entropy,0.40750305543638055,0.023106989531272087,0.3911639464460115,0.4238421644267496,0.19989499139387304,0.6151111194788881,Routing counterfactual on the identical bank and saved expert outputs.
snapshots:scanner_minus_random,all,accuracy,0.057942708333333315,0.019795307025404624,0.0439453125,0.07194010416666663,-0.11991106890188133,0.23579648556854796,Routing counterfactual on the identical bank and saved expert outputs.
snapshots:scanner_minus_random,all,macro_all_roles,0.05794270833333334,0.019795307025404663,0.0439453125,0.07194010416666669,-0.11991106890188163,0.23579648556854832,Routing counterfactual on the identical bank and saved expert outputs.
snapshots:scanner_minus_random,all,macro_agent_patient_accuracy,0.14615885416666666,0.0013810679320049757,0.14713541666666666,0.14518229166666666,0.1337504511037447,0.15856725722958862,Routing counterfactual on the identical bank and saved expert outputs.
snapshots:scanner_minus_random,all,cross_entropy,-3.5089653460894183,0.1563519159871304,-3.398407846043409,-3.6195228461354274,-4.913731576822113,-2.1041991153567237,Routing counterfactual on the identical bank and saved expert outputs.
snapshots:scanner_minus_random,0,accuracy,-0.0458984375,0.006905339660024878,-0.041015625,-0.05078125,-0.10794045281460984,0.016143577814609844,Routing counterfactual on the identical bank and saved expert outputs.
snapshots:scanner_minus_random,0,macro_all_roles,-0.0458984375,0.006905339660024878,-0.041015625,-0.05078125,-0.10794045281460984,0.016143577814609844,Routing counterfactual on the identical bank and saved expert outputs.
snapshots:scanner_minus_random,0,macro_agent_patient_accuracy,0.166015625,0.01933495104806966,0.1796875,0.15234375,-0.007702017880907547,0.3397332678809075,Routing counterfactual on the identical bank and saved expert outputs.
snapshots:scanner_minus_random,0,cross_entropy,-3.743738187671887,0.44987878936167847,-4.061850530341524,-3.4256258450022496,-7.785738742818342,0.2982623674745679,Routing counterfactual on the identical bank and saved expert outputs.
snapshots:scanner_minus_random,1,accuracy,0.0517578125,0.07181553246425873,0.0009765625,0.1025390625,-0.5934791467719422,0.6969947717719422,Routing counterfactual on the identical bank and saved expert outputs.
snapshots:scanner_minus_random,1,macro_all_roles,0.0517578125,0.07181553246425873,0.0009765625,0.1025390625,-0.5934791467719422,0.6969947717719422,Routing counterfactual on the identical bank and saved expert outputs.
snapshots:scanner_minus_random,1,macro_agent_patient_accuracy,0.154296875,0.027621358640099514,0.134765625,0.173828125,-0.09387118625843938,0.4024649362584394,Routing counterfactual on the identical bank and saved expert outputs.
snapshots:scanner_minus_random,1,cross_entropy,-4.086742645824148,0.38209033177731194,-3.816563981198593,-4.356921310449703,-7.519688073972274,-0.6537972176760221,Routing counterfactual on the identical bank and saved expert outputs.
snapshots:scanner_minus_random,2,accuracy,0.16796875,0.005524271728019903,0.171875,0.1640625,0.11833513774831214,0.21760236225168786,Routing counterfactual on the identical bank and saved expert outputs.
snapshots:scanner_minus_random,2,macro_all_roles,0.16796875,0.005524271728019903,0.171875,0.1640625,0.11833513774831214,0.21760236225168786,Routing counterfactual on the identical bank and saved expert outputs.
snapshots:scanner_minus_random,2,macro_agent_patient_accuracy,0.1181640625,0.01242961138804478,0.126953125,0.109375,0.006488434933702283,0.22983969006629773,Routing counterfactual on the identical bank and saved expert outputs.
snapshots:scanner_minus_random,2,cross_entropy,-2.696415204772218,0.5368442055457565,-2.316809026590109,-3.0760213829543273,-7.519769023968619,2.1269386144241835,Routing counterfactual on the identical bank and saved expert outputs.
snapshots:scanner_minus_learned,all,accuracy,-0.16780598958333334,0.042582927903486764,-0.19791666666666669,-0.1376953125,-0.5503984173567608,0.2147864381900941,Routing counterfactual on the identical bank and saved expert outputs.
snapshots:scanner_minus_learned,all,macro_all_roles,-0.16780598958333331,0.0425829279034868,-0.19791666666666669,-0.13769531249999994,-0.5503984173567611,0.2147864381900944,Routing counterfactual on the identical bank and saved expert outputs.
snapshots:scanner_minus_learned,all,macro_agent_patient_accuracy,-0.004882812500000014,0.012429611388044761,0.0039062499999999722,-0.013671875,-0.11655844006629755,0.10679281506629752,Routing counterfactual on the identical bank and saved expert outputs.
snapshots:scanner_minus_learned,all,cross_entropy,0.61002587324836,0.11314340422864531,0.5300214048717542,0.6900303416249658,-0.4065272817742004,1.6265790282709203,Routing counterfactual on the identical bank and saved expert outputs.
snapshots:scanner_minus_learned,0,accuracy,-0.2685546875,0.015191747252054731,-0.279296875,-0.2578125,-0.40504712119214165,-0.13206225380785835,Routing counterfactual on the identical bank and saved expert outputs.
snapshots:scanner_minus_learned,0,macro_all_roles,-0.2685546875,0.015191747252054731,-0.279296875,-0.2578125,-0.40504712119214165,-0.13206225380785835,Routing counterfactual on the identical bank and saved expert outputs.
snapshots:scanner_minus_learned,0,macro_agent_patient_accuracy,0.0068359375,0.03452669830012439,0.03125,-0.017578125,-0.30337413907304916,0.31704601407304916,Routing counterfactual on the identical bank and saved expert outputs.
snapshots:scanner_minus_learned,0,cross_entropy,0.6215617454159765,0.39225372769550765,0.3441964746167816,0.8989270162151715,-2.9026981721345244,4.145821662966477,Routing counterfactual on the identical bank and saved expert outputs.
snapshots:scanner_minus_learned,1,accuracy,-0.17919921875,0.08493567781830601,-0.2392578125,-0.119140625,-0.9423160071197011,0.5839175696197011,Routing counterfactual on the identical bank and saved expert outputs.
snapshots:scanner_minus_learned,1,macro_all_roles,-0.17919921875,0.08493567781830601,-0.2392578125,-0.119140625,-0.9423160071197011,0.5839175696197011,Routing counterfactual on the identical bank and saved expert outputs.
snapshots:scanner_minus_learned,1,macro_agent_patient_accuracy,0.0029296875,0.0013810679320049757,0.00390625,0.001953125,-0.009478715562921966,0.015338090562921966,Routing counterfactual on the identical bank and saved expert outputs.
snapshots:scanner_minus_learned,1,cross_entropy,0.30650826670987563,0.016735305080036417,0.31834191441719506,0.2946746190025562,0.1561475161618647,0.45686901725788653,Routing counterfactual on the identical bank and saved expert outputs.
snapshots:scanner_minus_learned,2,accuracy,-0.0556640625,0.027621358640099514,-0.0751953125,-0.0361328125,-0.3038321237584394,0.19250399875843938,Routing counterfactual on the identical bank and saved expert outputs.
snapshots:scanner_minus_learned,2,macro_all_roles,-0.0556640625,0.027621358640099514,-0.0751953125,-0.0361328125,-0.3038321237584394,0.19250399875843938,Routing counterfactual on the identical bank and saved expert outputs.
snapshots:scanner_minus_learned,2,macro_agent_patient_accuracy,-0.0244140625,0.0013810679320049757,-0.0234375,-0.025390625,-0.036822465562921965,-0.012005659437078034,Routing counterfactual on the identical bank and saved expert outputs.
snapshots:scanner_minus_learned,2,cross_entropy,0.9020076076192283,0.03608820992953562,0.9275258255812866,0.8764893896571699,0.577767905684416,1.2262473095540405,Routing counterfactual on the identical bank and saved expert outputs.
duplicate_slots:scanner_minus_uniform,all,accuracy,-0.004069010416666671,0.003913025807347425,-0.0013020833333333426,-0.0068359375,-0.03922615242827885,0.031088131594945508,Routing counterfactual on the identical bank and saved expert outputs.
duplicate_slots:scanner_minus_uniform,all,macro_all_roles,-0.004069010416666671,0.003913025807347425,-0.0013020833333333426,-0.0068359375,-0.03922615242827885,0.031088131594945508,Routing counterfactual on the identical bank and saved expert outputs.
duplicate_slots:scanner_minus_uniform,all,macro_agent_patient_accuracy,0.09212239583333334,0.006905339660024878,0.09700520833333334,0.08723958333333334,0.0300803805187235,0.1541644111479432,Routing counterfactual on the identical bank and saved expert outputs.
duplicate_slots:scanner_minus_uniform,all,cross_entropy,0.16085593823108724,0.19357882633899687,0.023975037432649504,0.29773683902952497,-1.578380811821114,1.9000926882832885,Routing counterfactual on the identical bank and saved expert outputs.
duplicate_slots:scanner_minus_uniform,0,accuracy,0.03125,0.03866990209613932,0.05859375,0.00390625,-0.3161852857618151,0.3786852857618151,Routing counterfactual on the identical bank and saved expert outputs.
duplicate_slots:scanner_minus_uniform,0,macro_all_roles,0.03125,0.03866990209613932,0.05859375,0.00390625,-0.3161852857618151,0.3786852857618151,Routing counterfactual on the identical bank and saved expert outputs.
duplicate_slots:scanner_minus_uniform,0,macro_agent_patient_accuracy,0.2744140625,0.023478154844084585,0.291015625,0.2578125,0.06347121043032658,0.48535691456967345,Routing counterfactual on the identical bank and saved expert outputs.
duplicate_slots:scanner_minus_uniform,0,cross_entropy,-0.030131144038414437,0.43834162127308673,-0.3400854769169195,0.2798231888400906,-3.968474356536925,3.908212068460096,Routing counterfactual on the identical bank and saved expert outputs.
duplicate_slots:scanner_minus_uniform,1,accuracy,0.0,0.00966747552403483,-0.0068359375,0.0068359375,-0.08685882144045377,0.08685882144045377,Routing counterfactual on the identical bank and saved expert outputs.
duplicate_slots:scanner_minus_uniform,1,macro_all_roles,0.0,0.00966747552403483,-0.0068359375,0.0068359375,-0.08685882144045377,0.08685882144045377,Routing counterfactual on the identical bank and saved expert outputs.
duplicate_slots:scanner_minus_uniform,1,macro_agent_patient_accuracy,0.001953125,0.0027621358640099515,0.0,0.00390625,-0.022863681125843933,0.026769931125843933,Routing counterfactual on the identical bank and saved expert outputs.
duplicate_slots:scanner_minus_uniform,1,cross_entropy,-0.09766265009766317,0.0034186064341737987,-0.10007996988947543,-0.09524533030585092,-0.1283776102858591,-0.06694768990946724,Routing counterfactual on the identical bank and saved expert outputs.
duplicate_slots:scanner_minus_uniform,2,accuracy,-0.04345703125,0.017263349150062196,-0.0556640625,-0.03125,-0.19856206953652458,0.11164800703652458,Routing counterfactual on the identical bank and saved expert outputs.
duplicate_slots:scanner_minus_uniform,2,macro_all_roles,-0.04345703125,0.017263349150062196,-0.0556640625,-0.03125,-0.19856206953652458,0.11164800703652458,Routing counterfactual on the identical bank and saved expert outputs.
duplicate_slots:scanner_minus_uniform,2,macro_agent_patient_accuracy,0.0,0.0,0.0,0.0,0.0,0.0,Routing counterfactual on the identical bank and saved expert outputs.
duplicate_slots:scanner_minus_uniform,2,cross_entropy,0.6103616088293395,0.13897625130972843,0.5120905591043448,0.7086326585543343,-0.6382904686405431,1.8590136862992221,Routing counterfactual on the identical bank and saved expert outputs.
duplicate_slots:scanner_minus_random,all,accuracy,0.02620442708333333,0.014501213286052224,0.015950520833333343,0.036458333333333315,-0.10408380507734714,0.1564926592440138,Routing counterfactual on the identical bank and saved expert outputs.
duplicate_slots:scanner_minus_random,all,macro_all_roles,0.02620442708333333,0.014501213286052224,0.015950520833333343,0.036458333333333315,-0.10408380507734714,0.1564926592440138,Routing counterfactual on the identical bank and saved expert outputs.
duplicate_slots:scanner_minus_random,all,macro_agent_patient_accuracy,0.07942708333333334,0.0027621358640099515,0.08138020833333334,0.07747395833333334,0.05461027720748941,0.10424388945917727,Routing counterfactual on the identical bank and saved expert outputs.
duplicate_slots:scanner_minus_random,all,cross_entropy,-1.5850334301711864,0.18274988396201336,-1.455809747960592,-1.7142571123817807,-3.226975993134636,0.05690913279226306,Routing counterfactual on the identical bank and saved expert outputs.
duplicate_slots:scanner_minus_random,0,accuracy,0.01220703125,0.032455096402116926,0.03515625,-0.0107421875,-0.2793904407286662,0.3038045032286662,Routing counterfactual on the identical bank and saved expert outputs.
duplicate_slots:scanner_minus_random,0,macro_all_roles,0.01220703125,0.032455096402116926,0.03515625,-0.0107421875,-0.2793904407286662,0.3038045032286662,Routing counterfactual on the identical bank and saved expert outputs.
duplicate_slots:scanner_minus_random,0,macro_agent_patient_accuracy,0.166015625,0.01933495104806966,0.1796875,0.15234375,-0.007702017880907547,0.3397332678809075,Routing counterfactual on the identical bank and saved expert outputs.
duplicate_slots:scanner_minus_random,0,cross_entropy,-3.0207497303868505,0.09075635802298304,-2.956575294193005,-3.084924166580696,-3.8361632555109484,-2.2053362052627525,Routing counterfactual on the identical bank and saved expert outputs.
duplicate_slots:scanner_minus_random,1,accuracy,0.06982421875,0.03659830019813185,0.0439453125,0.095703125,-0.25899846241743213,0.39864689991743213,Routing counterfactual on the identical bank and saved expert outputs.
duplicate_slots:scanner_minus_random,1,macro_all_roles,0.06982421875,0.03659830019813185,0.0439453125,0.095703125,-0.25899846241743213,0.39864689991743213,Routing counterfactual on the identical bank and saved expert outputs.
duplicate_slots:scanner_minus_random,1,macro_agent_patient_accuracy,0.072265625,0.011048543456039806,0.064453125,0.080078125,-0.02700159950337573,0.17153284950337572,Routing counterfactual on the identical bank and saved expert outputs.
duplicate_slots:scanner_minus_random,1,cross_entropy,-1.6368755189258477,0.3242354950630867,-1.4076064016653618,-1.8661446361863336,-4.55001586257864,1.2762648247269441,Routing counterfactual on the identical bank and saved expert outputs.
duplicate_slots:scanner_minus_random,2,accuracy,-0.00341796875,0.039360436062141804,-0.03125,0.0244140625,-0.35705745604327604,0.35022151854327604,Routing counterfactual on the identical bank and saved expert outputs.
duplicate_slots:scanner_minus_random,2,macro_all_roles,-0.00341796875,0.039360436062141804,-0.03125,0.0244140625,-0.35705745604327604,0.35022151854327604,Routing counterfactual on the identical bank and saved expert outputs.
duplicate_slots:scanner_minus_random,2,macro_agent_patient_accuracy,0.0,0.0,0.0,0.0,0.0,0.0,Routing counterfactual on the identical bank and saved expert outputs.
duplicate_slots:scanner_minus_random,2,cross_entropy,-0.0974750412008607,0.1332577987999694,-0.003247548023409763,-0.19170253437831164,-1.2947488613143108,1.0997987789125894,Routing counterfactual on the identical bank and saved expert outputs.
duplicate_slots:scanner_minus_learned,all,accuracy,-0.04801432291666667,0.0034526698300124587,-0.04557291666666666,-0.050455729166666685,-0.07903533057397176,-0.01699331525936158,Routing counterfactual on the identical bank and saved expert outputs.
duplicate_slots:scanner_minus_learned,all,macro_all_roles,-0.04801432291666667,0.0034526698300124587,-0.04557291666666666,-0.050455729166666685,-0.07903533057397176,-0.01699331525936158,Routing counterfactual on the identical bank and saved expert outputs.
duplicate_slots:scanner_minus_learned,all,macro_agent_patient_accuracy,-0.001953125,0.005524271728019903,0.001953125,-0.005859375,-0.051586737251687866,0.047680487251687866,Routing counterfactual on the identical bank and saved expert outputs.
duplicate_slots:scanner_minus_learned,all,cross_entropy,0.34460091525440095,0.20068635468334456,0.20269423296619937,0.48650759754260253,-1.4584944433673106,2.1476962738761127,Routing counterfactual on the identical bank and saved expert outputs.
duplicate_slots:scanner_minus_learned,0,accuracy,-0.10107421875,0.03659830019813185,-0.0751953125,-0.126953125,-0.42989689991743213,0.22774846241743213,Routing counterfactual on the identical bank and saved expert outputs.
duplicate_slots:scanner_minus_learned,0,macro_all_roles,-0.10107421875,0.03659830019813185,-0.0751953125,-0.126953125,-0.42989689991743213,0.22774846241743213,Routing counterfactual on the identical bank and saved expert outputs.
duplicate_slots:scanner_minus_learned,0,macro_agent_patient_accuracy,-0.0068359375,0.017953883116064683,0.005859375,-0.01953125,-0.16814517731798556,0.15447330231798556,Routing counterfactual on the identical bank and saved expert outputs.
duplicate_slots:scanner_minus_learned,0,cross_entropy,0.3319188378764474,0.4329238118501849,0.02579547478005262,0.6380422009728421,-3.557747288231486,4.22158496398438,Routing counterfactual on the identical bank and saved expert outputs.
duplicate_slots:scanner_minus_learned,1,accuracy,0.0,0.011048543456039806,-0.0078125,0.0078125,-0.09926722450337573,0.09926722450337573,Routing counterfactual on the identical bank and saved expert outputs.
duplicate_slots:scanner_minus_learned,1,macro_all_roles,0.0,0.011048543456039806,-0.0078125,0.0078125,-0.09926722450337573,0.09926722450337573,Routing counterfactual on the identical bank and saved expert outputs.
duplicate_slots:scanner_minus_learned,1,macro_agent_patient_accuracy,0.0009765625,0.0013810679320049757,0.0,0.001953125,-0.011431840562921966,0.013384965562921966,Routing counterfactual on the identical bank and saved expert outputs.
duplicate_slots:scanner_minus_learned,1,cross_entropy,-0.04032668147592411,0.042597041238673854,-0.0704473381942734,-0.010206024757574816,-0.4230459125350591,0.34239254958321086,Routing counterfactual on the identical bank and saved expert outputs.
duplicate_slots:scanner_minus_learned,2,accuracy,-0.04296875,0.015191747252054731,-0.0537109375,-0.0322265625,-0.17946118369214165,0.09352368369214165,Routing counterfactual on the identical bank and saved expert outputs.
duplicate_slots:scanner_minus_learned,2,macro_all_roles,-0.04296875,0.015191747252054731,-0.0537109375,-0.0322265625,-0.17946118369214165,0.09352368369214165,Routing counterfactual on the identical bank and saved expert outputs.
duplicate_slots:scanner_minus_learned,2,macro_agent_patient_accuracy,0.0,0.0,0.0,0.0,0.0,0.0,Routing counterfactual on the identical bank and saved expert outputs.
duplicate_slots:scanner_minus_learned,2,cross_entropy,0.74221058936268,0.12653821096117396,0.65273456231282,0.83168661641254,-0.3946901293353775,1.8791113080607376,Routing counterfactual on the identical bank and saved expert outputs.
adaptive_novelty:scanner_minus_uniform,all,accuracy,-0.09114583333333334,0.042352749914819236,-0.12109375,-0.061197916666666685,-0.47167019392960685,0.2893785272629401,Routing counterfactual on the identical bank and saved expert outputs.
adaptive_novelty:scanner_minus_uniform,all,macro_all_roles,-0.09114583333333331,0.04235274991481928,-0.12109375,-0.06119791666666663,-0.4716701939296072,0.28937852726294055,Routing counterfactual on the identical bank and saved expert outputs.
adaptive_novelty:scanner_minus_uniform,all,macro_agent_patient_accuracy,0.15462239583333331,0.01335032334271477,0.1640625,0.14518229166666666,0.03467449955842092,0.2745702921082457,Routing counterfactual on the identical bank and saved expert outputs.
adaptive_novelty:scanner_minus_uniform,all,cross_entropy,0.2089689236076191,0.13935139029057336,0.11043261056538145,0.30750523664985674,-1.0430536438802165,1.4609914910954547,Routing counterfactual on the identical bank and saved expert outputs.
adaptive_novelty:scanner_minus_uniform,0,accuracy,-0.1513671875,0.008286407592029853,-0.1572265625,-0.1455078125,-0.2258176058775318,-0.0769167691224682,Routing counterfactual on the identical bank and saved expert outputs.
adaptive_novelty:scanner_minus_uniform,0,macro_all_roles,-0.1513671875,0.008286407592029853,-0.1572265625,-0.1455078125,-0.2258176058775318,-0.0769167691224682,Routing counterfactual on the identical bank and saved expert outputs.
adaptive_novelty:scanner_minus_uniform,0,macro_agent_patient_accuracy,0.2431640625,0.06767232866824381,0.291015625,0.1953125,-0.3648476875831764,0.8511758125831764,Routing counterfactual on the identical bank and saved expert outputs.
adaptive_novelty:scanner_minus_uniform,0,cross_entropy,0.30168086812935113,0.42371852595647014,0.0020666251111629563,0.6012951111475393,-3.5052790456108682,4.10864078186957,Routing counterfactual on the identical bank and saved expert outputs.
adaptive_novelty:scanner_minus_uniform,1,accuracy,-0.09130859375,0.09736528920635078,-0.16015625,-0.0224609375,-0.9661010096859987,0.7834838221859987,Routing counterfactual on the identical bank and saved expert outputs.
adaptive_novelty:scanner_minus_uniform,1,macro_all_roles,-0.09130859375,0.09736528920635078,-0.16015625,-0.0224609375,-0.9661010096859987,0.7834838221859987,Routing counterfactual on the identical bank and saved expert outputs.
adaptive_novelty:scanner_minus_uniform,1,macro_agent_patient_accuracy,0.17578125,0.035907766232129365,0.150390625,0.201171875,-0.14683722963597112,0.4983997296359711,Routing counterfactual on the identical bank and saved expert outputs.
adaptive_novelty:scanner_minus_uniform,1,cross_entropy,-0.08227715274287384,0.028771344616022893,-0.061932739861028985,-0.10262156562471869,-0.34077742806210104,0.17622312257635336,Routing counterfactual on the identical bank and saved expert outputs.
adaptive_novelty:scanner_minus_uniform,2,accuracy,-0.03076171875,0.02140655294607712,-0.0458984375,-0.015625,-0.22309196622529048,0.16156852872529048,Routing counterfactual on the identical bank and saved expert outputs.
adaptive_novelty:scanner_minus_uniform,2,macro_all_roles,-0.03076171875,0.02140655294607712,-0.0458984375,-0.015625,-0.22309196622529048,0.16156852872529048,Routing counterfactual on the identical bank and saved expert outputs.
adaptive_novelty:scanner_minus_uniform,2,macro_agent_patient_accuracy,0.044921875,0.008286407592029853,0.05078125,0.0390625,-0.029528543377531802,0.1193722933775318,Routing counterfactual on the identical bank and saved expert outputs.
adaptive_novelty:scanner_minus_uniform,2,cross_entropy,0.40750305543638055,0.023106989531272087,0.3911639464460115,0.4238421644267496,0.19989499139387304,0.6151111194788881,Routing counterfactual on the identical bank and saved expert outputs.
adaptive_novelty:scanner_minus_random,all,accuracy,0.057942708333333315,0.019795307025404624,0.0439453125,0.07194010416666663,-0.11991106890188133,0.23579648556854796,Routing counterfactual on the identical bank and saved expert outputs.
adaptive_novelty:scanner_minus_random,all,macro_all_roles,0.05794270833333334,0.019795307025404663,0.0439453125,0.07194010416666669,-0.11991106890188163,0.23579648556854832,Routing counterfactual on the identical bank and saved expert outputs.
adaptive_novelty:scanner_minus_random,all,macro_agent_patient_accuracy,0.14615885416666666,0.0013810679320049757,0.14713541666666666,0.14518229166666666,0.1337504511037447,0.15856725722958862,Routing counterfactual on the identical bank and saved expert outputs.
adaptive_novelty:scanner_minus_random,all,cross_entropy,-3.5089653460894183,0.1563519159871304,-3.398407846043409,-3.6195228461354274,-4.913731576822113,-2.1041991153567237,Routing counterfactual on the identical bank and saved expert outputs.
adaptive_novelty:scanner_minus_random,0,accuracy,-0.0458984375,0.006905339660024878,-0.041015625,-0.05078125,-0.10794045281460984,0.016143577814609844,Routing counterfactual on the identical bank and saved expert outputs.
adaptive_novelty:scanner_minus_random,0,macro_all_roles,-0.0458984375,0.006905339660024878,-0.041015625,-0.05078125,-0.10794045281460984,0.016143577814609844,Routing counterfactual on the identical bank and saved expert outputs.
adaptive_novelty:scanner_minus_random,0,macro_agent_patient_accuracy,0.166015625,0.01933495104806966,0.1796875,0.15234375,-0.007702017880907547,0.3397332678809075,Routing counterfactual on the identical bank and saved expert outputs.
adaptive_novelty:scanner_minus_random,0,cross_entropy,-3.743738187671887,0.44987878936167847,-4.061850530341524,-3.4256258450022496,-7.785738742818342,0.2982623674745679,Routing counterfactual on the identical bank and saved expert outputs.
adaptive_novelty:scanner_minus_random,1,accuracy,0.0517578125,0.07181553246425873,0.0009765625,0.1025390625,-0.5934791467719422,0.6969947717719422,Routing counterfactual on the identical bank and saved expert outputs.
adaptive_novelty:scanner_minus_random,1,macro_all_roles,0.0517578125,0.07181553246425873,0.0009765625,0.1025390625,-0.5934791467719422,0.6969947717719422,Routing counterfactual on the identical bank and saved expert outputs.
adaptive_novelty:scanner_minus_random,1,macro_agent_patient_accuracy,0.154296875,0.027621358640099514,0.134765625,0.173828125,-0.09387118625843938,0.4024649362584394,Routing counterfactual on the identical bank and saved expert outputs.
adaptive_novelty:scanner_minus_random,1,cross_entropy,-4.086742645824148,0.38209033177731194,-3.816563981198593,-4.356921310449703,-7.519688073972274,-0.6537972176760221,Routing counterfactual on the identical bank and saved expert outputs.
adaptive_novelty:scanner_minus_random,2,accuracy,0.16796875,0.005524271728019903,0.171875,0.1640625,0.11833513774831214,0.21760236225168786,Routing counterfactual on the identical bank and saved expert outputs.
adaptive_novelty:scanner_minus_random,2,macro_all_roles,0.16796875,0.005524271728019903,0.171875,0.1640625,0.11833513774831214,0.21760236225168786,Routing counterfactual on the identical bank and saved expert outputs.
adaptive_novelty:scanner_minus_random,2,macro_agent_patient_accuracy,0.1181640625,0.01242961138804478,0.126953125,0.109375,0.006488434933702283,0.22983969006629773,Routing counterfactual on the identical bank and saved expert outputs.
adaptive_novelty:scanner_minus_random,2,cross_entropy,-2.696415204772218,0.5368442055457565,-2.316809026590109,-3.0760213829543273,-7.519769023968619,2.1269386144241835,Routing counterfactual on the identical bank and saved expert outputs.
adaptive_novelty:scanner_minus_learned,all,accuracy,-0.16780598958333334,0.042582927903486764,-0.19791666666666669,-0.1376953125,-0.5503984173567608,0.2147864381900941,Routing counterfactual on the identical bank and saved expert outputs.
adaptive_novelty:scanner_minus_learned,all,macro_all_roles,-0.16780598958333331,0.0425829279034868,-0.19791666666666669,-0.13769531249999994,-0.5503984173567611,0.2147864381900944,Routing counterfactual on the identical bank and saved expert outputs.
adaptive_novelty:scanner_minus_learned,all,macro_agent_patient_accuracy,-0.004882812500000014,0.012429611388044761,0.0039062499999999722,-0.013671875,-0.11655844006629755,0.10679281506629752,Routing counterfactual on the identical bank and saved expert outputs.
adaptive_novelty:scanner_minus_learned,all,cross_entropy,0.61002587324836,0.11314340422864531,0.5300214048717542,0.6900303416249658,-0.4065272817742004,1.6265790282709203,Routing counterfactual on the identical bank and saved expert outputs.
adaptive_novelty:scanner_minus_learned,0,accuracy,-0.2685546875,0.015191747252054731,-0.279296875,-0.2578125,-0.40504712119214165,-0.13206225380785835,Routing counterfactual on the identical bank and saved expert outputs.
adaptive_novelty:scanner_minus_learned,0,macro_all_roles,-0.2685546875,0.015191747252054731,-0.279296875,-0.2578125,-0.40504712119214165,-0.13206225380785835,Routing counterfactual on the identical bank and saved expert outputs.
adaptive_novelty:scanner_minus_learned,0,macro_agent_patient_accuracy,0.0068359375,0.03452669830012439,0.03125,-0.017578125,-0.30337413907304916,0.31704601407304916,Routing counterfactual on the identical bank and saved expert outputs.
adaptive_novelty:scanner_minus_learned,0,cross_entropy,0.6215617454159765,0.39225372769550765,0.3441964746167816,0.8989270162151715,-2.9026981721345244,4.145821662966477,Routing counterfactual on the identical bank and saved expert outputs.
adaptive_novelty:scanner_minus_learned,1,accuracy,-0.17919921875,0.08493567781830601,-0.2392578125,-0.119140625,-0.9423160071197011,0.5839175696197011,Routing counterfactual on the identical bank and saved expert outputs.
adaptive_novelty:scanner_minus_learned,1,macro_all_roles,-0.17919921875,0.08493567781830601,-0.2392578125,-0.119140625,-0.9423160071197011,0.5839175696197011,Routing counterfactual on the identical bank and saved expert outputs.
adaptive_novelty:scanner_minus_learned,1,macro_agent_patient_accuracy,0.0029296875,0.0013810679320049757,0.00390625,0.001953125,-0.009478715562921966,0.015338090562921966,Routing counterfactual on the identical bank and saved expert outputs.
adaptive_novelty:scanner_minus_learned,1,cross_entropy,0.30650826670987563,0.016735305080036417,0.31834191441719506,0.2946746190025562,0.1561475161618647,0.45686901725788653,Routing counterfactual on the identical bank and saved expert outputs.
adaptive_novelty:scanner_minus_learned,2,accuracy,-0.0556640625,0.027621358640099514,-0.0751953125,-0.0361328125,-0.3038321237584394,0.19250399875843938,Routing counterfactual on the identical bank and saved expert outputs.
adaptive_novelty:scanner_minus_learned,2,macro_all_roles,-0.0556640625,0.027621358640099514,-0.0751953125,-0.0361328125,-0.3038321237584394,0.19250399875843938,Routing counterfactual on the identical bank and saved expert outputs.
adaptive_novelty:scanner_minus_learned,2,macro_agent_patient_accuracy,-0.0244140625,0.0013810679320049757,-0.0234375,-0.025390625,-0.036822465562921965,-0.012005659437078034,Routing counterfactual on the identical bank and saved expert outputs.
adaptive_novelty:scanner_minus_learned,2,cross_entropy,0.9020076076192283,0.03608820992953562,0.9275258255812866,0.8764893896571699,0.577767905684416,1.2262473095540405,Routing counterfactual on the identical bank and saved expert outputs.
adaptive_resonance:scanner_minus_uniform,all,accuracy,-0.04736328125,0.06698179470224132,0.0,-0.0947265625,-0.6491708298017155,0.5544442673017155,Routing counterfactual on the identical bank and saved expert outputs.
adaptive_resonance:scanner_minus_uniform,all,macro_all_roles,-0.04736328125,0.06698179470224132,0.0,-0.0947265625,-0.6491708298017155,0.5544442673017155,Routing counterfactual on the identical bank and saved expert outputs.
adaptive_resonance:scanner_minus_uniform,all,macro_agent_patient_accuracy,0.037760416666666664,0.053401293370859054,0.0,0.07552083333333333,-0.4420311684329827,0.517552001766316,Routing counterfactual on the identical bank and saved expert outputs.
adaptive_resonance:scanner_minus_uniform,all,cross_entropy,0.400854213377851,0.5668934650933554,0.0,0.801708426755702,-4.69248149126256,5.494189918018263,Routing counterfactual on the identical bank and saved expert outputs.
adaptive_resonance:scanner_minus_uniform,0,accuracy,-0.0693359375,0.09805582317235327,0.0,-0.138671875,-0.9503325549674597,0.8116606799674597,Routing counterfactual on the identical bank and saved expert outputs.
adaptive_resonance:scanner_minus_uniform,0,macro_all_roles,-0.0693359375,0.09805582317235327,0.0,-0.138671875,-0.9503325549674597,0.8116606799674597,Routing counterfactual on the identical bank and saved expert outputs.
adaptive_resonance:scanner_minus_uniform,0,macro_agent_patient_accuracy,0.0986328125,0.13948786113250253,0.0,0.197265625,-1.1546158968551186,1.3518815218551186,Routing counterfactual on the identical bank and saved expert outputs.
adaptive_resonance:scanner_minus_uniform,0,cross_entropy,0.3587896176268601,0.5074051432865625,0.0,0.7175792352537202,-4.2000647212462106,4.917643956499932,Routing counterfactual on the identical bank and saved expert outputs.
adaptive_resonance:scanner_minus_uniform,1,accuracy,-0.0625,0.08838834764831845,0.0,-0.125,-0.8566377960270058,0.7316377960270058,Routing counterfactual on the identical bank and saved expert outputs.
adaptive_resonance:scanner_minus_uniform,1,macro_all_roles,-0.0625,0.08838834764831845,0.0,-0.125,-0.8566377960270058,0.7316377960270058,Routing counterfactual on the identical bank and saved expert outputs.
adaptive_resonance:scanner_minus_uniform,1,macro_agent_patient_accuracy,0.0,0.0,0.0,0.0,0.0,0.0,Routing counterfactual on the identical bank and saved expert outputs.
adaptive_resonance:scanner_minus_uniform,1,cross_entropy,0.6944222091417371,0.9820613061813305,0.0,1.3888444182834743,-8.129048553738642,9.517892972022118,Routing counterfactual on the identical bank and saved expert outputs.
adaptive_resonance:scanner_minus_uniform,2,accuracy,-0.01025390625,0.014501213286052243,0.0,-0.0205078125,-0.14054213841068064,0.12003432591068064,Routing counterfactual on the identical bank and saved expert outputs.
adaptive_resonance:scanner_minus_uniform,2,macro_all_roles,-0.01025390625,0.014501213286052243,0.0,-0.0205078125,-0.14054213841068064,0.12003432591068064,Routing counterfactual on the identical bank and saved expert outputs.
adaptive_resonance:scanner_minus_uniform,2,macro_agent_patient_accuracy,0.0146484375,0.020716018980074635,0.0,0.029296875,-0.1714776084438295,0.2007744834438295,Routing counterfactual on the identical bank and saved expert outputs.
adaptive_resonance:scanner_minus_uniform,2,cross_entropy,0.14935081336495548,0.21121394581217295,0.0,0.29870162672991096,-1.7483311988028278,2.047032825532739,Routing counterfactual on the identical bank and saved expert outputs.
adaptive_resonance:scanner_minus_random,all,accuracy,0.016927083333333343,0.02393851082141959,0.0,0.033854166666666685,-0.19815190309064754,0.23200606975731422,Routing counterfactual on the identical bank and saved expert outputs.
adaptive_resonance:scanner_minus_random,all,macro_all_roles,0.016927083333333343,0.02393851082141959,0.0,0.033854166666666685,-0.19815190309064754,0.23200606975731422,Routing counterfactual on the identical bank and saved expert outputs.
adaptive_resonance:scanner_minus_random,all,macro_agent_patient_accuracy,0.03222656249999999,0.04557524175616419,0.0,0.06445312499999999,-0.3772507385764249,0.4417038635764249,Routing counterfactual on the identical bank and saved expert outputs.
adaptive_resonance:scanner_minus_random,all,cross_entropy,-0.9776730701868348,1.3826385154251646,0.0,-1.9553461403736696,-13.400187265276903,11.444841124903233,Routing counterfactual on the identical bank and saved expert outputs.
adaptive_resonance:scanner_minus_random,0,accuracy,-0.0322265625,0.045575241756164196,0.0,-0.064453125,-0.4417038635764249,0.3772507385764249,Routing counterfactual on the identical bank and saved expert outputs.
adaptive_resonance:scanner_minus_random,0,macro_all_roles,-0.0322265625,0.045575241756164196,0.0,-0.064453125,-0.4417038635764249,0.3772507385764249,Routing counterfactual on the identical bank and saved expert outputs.
adaptive_resonance:scanner_minus_random,0,macro_agent_patient_accuracy,0.0546875,0.07733980419227864,0.0,0.109375,-0.6401830715236302,0.7495580715236302,Routing counterfactual on the identical bank and saved expert outputs.
adaptive_resonance:scanner_minus_random,0,cross_entropy,-1.4404410237151666,2.0370912315365737,0.0,-2.880882047430333,-19.74297958179591,16.862097534365578,Routing counterfactual on the identical bank and saved expert outputs.
adaptive_resonance:scanner_minus_random,1,accuracy,0.01025390625,0.014501213286052243,0.0,0.0205078125,-0.12003432591068064,0.14054213841068064,Routing counterfactual on the identical bank and saved expert outputs.
adaptive_resonance:scanner_minus_random,1,macro_all_roles,0.01025390625,0.014501213286052243,0.0,0.0205078125,-0.12003432591068064,0.14054213841068064,Routing counterfactual on the identical bank and saved expert outputs.
adaptive_resonance:scanner_minus_random,1,macro_agent_patient_accuracy,0.0,0.0,0.0,0.0,0.0,0.0,Routing counterfactual on the identical bank and saved expert outputs.
adaptive_resonance:scanner_minus_random,1,cross_entropy,-0.25032203781856666,0.3540088208438878,0.0,-0.5006440756371333,-3.430965100382172,2.9303210247450386,Routing counterfactual on the identical bank and saved expert outputs.
adaptive_resonance:scanner_minus_random,2,accuracy,0.07275390625,0.10288956093437068,0.0,0.1455078125,-0.8516721219376865,0.9971799344376865,Routing counterfactual on the identical bank and saved expert outputs.
adaptive_resonance:scanner_minus_random,2,macro_all_roles,0.07275390625,0.10288956093437068,0.0,0.1455078125,-0.8516721219376865,0.9971799344376865,Routing counterfactual on the identical bank and saved expert outputs.
adaptive_resonance:scanner_minus_random,2,macro_agent_patient_accuracy,0.0419921875,0.05938592107621395,0.0,0.083984375,-0.49156914420564457,0.5755535192056446,Routing counterfactual on the identical bank and saved expert outputs.
adaptive_resonance:scanner_minus_random,2,cross_entropy,-1.2422561490267707,1.7568154938950318,0.0,-2.4845122980535415,-17.026617113652616,14.542104815599075,Routing counterfactual on the identical bank and saved expert outputs.
adaptive_resonance:scanner_minus_learned,all,accuracy,-0.07259114583333334,0.1026593829457032,0.0,-0.14518229166666669,-0.9949491068438664,0.8497668151771997,Routing counterfactual on the identical bank and saved expert outputs.
adaptive_resonance:scanner_minus_learned,all,macro_all_roles,-0.07259114583333331,0.10265938294570316,0.0,-0.14518229166666663,-0.9949491068438661,0.8497668151771993,Routing counterfactual on the identical bank and saved expert outputs.
adaptive_resonance:scanner_minus_learned,all,macro_agent_patient_accuracy,-0.005533854166666671,0.007826051614694868,0.0,-0.011067708333333343,-0.07584813818989121,0.06478042985655787,Routing counterfactual on the identical bank and saved expert outputs.
adaptive_resonance:scanner_minus_learned,all,cross_entropy,0.4980708862345071,0.7043786023360269,0.0,0.9961417724690143,-5.830519767517318,6.826661539986333,Routing counterfactual on the identical bank and saved expert outputs.
adaptive_resonance:scanner_minus_learned,0,accuracy,-0.1259765625,0.17815776322864185,0.0,-0.251953125,-1.7266605576169338,1.4747074326169338,Routing counterfactual on the identical bank and saved expert outputs.
adaptive_resonance:scanner_minus_learned,0,macro_all_roles,-0.1259765625,0.17815776322864185,0.0,-0.251953125,-1.7266605576169338,1.4747074326169338,Routing counterfactual on the identical bank and saved expert outputs.
adaptive_resonance:scanner_minus_learned,0,macro_agent_patient_accuracy,-0.0068359375,0.00966747552403483,0.0,-0.013671875,-0.09369475894045377,0.08002288394045377,Routing counterfactual on the identical bank and saved expert outputs.
adaptive_resonance:scanner_minus_learned,0,cross_entropy,0.45713288835689425,0.6464835305211057,0.0,0.9142657767137885,-5.351291182862359,6.2655569595761476,Routing counterfactual on the identical bank and saved expert outputs.
adaptive_resonance:scanner_minus_learned,1,accuracy,-0.064453125,0.09115048351232839,0.0,-0.12890625,-0.8834077271528498,0.7545014771528498,Routing counterfactual on the identical bank and saved expert outputs.
adaptive_resonance:scanner_minus_learned,1,macro_all_roles,-0.064453125,0.09115048351232839,0.0,-0.12890625,-0.8834077271528498,0.7545014771528498,Routing counterfactual on the identical bank and saved expert outputs.
adaptive_resonance:scanner_minus_learned,1,macro_agent_patient_accuracy,0.0,0.0,0.0,0.0,0.0,0.0,Routing counterfactual on the identical bank and saved expert outputs.
adaptive_resonance:scanner_minus_learned,1,cross_entropy,0.7467191421163166,1.0560203380644975,0.0,1.4934382842326333,-8.741247158226535,10.234685442459167,Routing counterfactual on the identical bank and saved expert outputs.
adaptive_resonance:scanner_minus_learned,2,accuracy,-0.02734375,0.03866990209613932,0.0,-0.0546875,-0.3747790357618151,0.3200915357618151,Routing counterfactual on the identical bank and saved expert outputs.
adaptive_resonance:scanner_minus_learned,2,macro_all_roles,-0.02734375,0.03866990209613932,0.0,-0.0546875,-0.3747790357618151,0.3200915357618151,Routing counterfactual on the identical bank and saved expert outputs.
adaptive_resonance:scanner_minus_learned,2,macro_agent_patient_accuracy,-0.009765625,0.013810679320049757,0.0,-0.01953125,-0.1338496556292197,0.11431840562921969,Routing counterfactual on the identical bank and saved expert outputs.
adaptive_resonance:scanner_minus_learned,2,cross_entropy,0.2903606282303104,0.41063193842247714,0.0,0.5807212564606208,-3.3990209614630578,3.979742217923679,Routing counterfactual on the identical bank and saved expert outputs.
snapshots_uniform_minus_single_final_uniform,all,accuracy,0.009765625,0.00966747552403483,0.0029296875,0.0166015625,-0.07709319644045377,0.09662444644045377,Retained snapshot bank versus final sequential expert; capacity and retention differ.
snapshots_uniform_minus_single_final_uniform,all,macro_all_roles,0.009765625,0.00966747552403483,0.0029296875,0.0166015625,-0.07709319644045377,0.09662444644045377,Retained snapshot bank versus final sequential expert; capacity and retention differ.
snapshots_uniform_minus_single_final_uniform,all,macro_agent_patient_accuracy,0.00390625,0.013810679320049757,-0.005859375,0.013671875,-0.12017778062921969,0.1279902806292197,Retained snapshot bank versus final sequential expert; capacity and retention differ.
snapshots_uniform_minus_single_final_uniform,all,cross_entropy,-4.9904489975037105,0.3285117107954237,-5.2227418559063485,-4.7581561391010725,-7.9420096151786606,-2.038888379828761,Retained snapshot bank versus final sequential expert; capacity and retention differ.
snapshots_uniform_minus_single_final_uniform,0,accuracy,0.02099609375,0.014501213286052243,0.0107421875,0.03125,-0.10929213841068064,0.15128432591068064,Retained snapshot bank versus final sequential expert; capacity and retention differ.
snapshots_uniform_minus_single_final_uniform,0,macro_all_roles,0.02099609375,0.014501213286052243,0.0107421875,0.03125,-0.10929213841068064,0.15128432591068064,Retained snapshot bank versus final sequential expert; capacity and retention differ.
snapshots_uniform_minus_single_final_uniform,0,macro_agent_patient_accuracy,0.03125,0.04419417382415922,0.0,0.0625,-0.3658188980135029,0.4283188980135029,Retained snapshot bank versus final sequential expert; capacity and retention differ.
snapshots_uniform_minus_single_final_uniform,0,cross_entropy,-7.813958224629915,1.0494587593698277,-8.556037629955942,-7.071878819303889,-17.242971079392184,1.6150546301323532,Retained snapshot bank versus final sequential expert; capacity and retention differ.
snapshots_uniform_minus_single_final_uniform,1,accuracy,0.0322265625,0.00966747552403483,0.025390625,0.0390625,-0.05463225894045377,0.11908538394045377,Retained snapshot bank versus final sequential expert; capacity and retention differ.
snapshots_uniform_minus_single_final_uniform,1,macro_all_roles,0.0322265625,0.00966747552403483,0.025390625,0.0390625,-0.05463225894045377,0.11908538394045377,Retained snapshot bank versus final sequential expert; capacity and retention differ.
snapshots_uniform_minus_single_final_uniform,1,macro_agent_patient_accuracy,0.0498046875,0.00966747552403483,0.056640625,0.04296875,-0.03705413394045377,0.13666350894045376,Retained snapshot bank versus final sequential expert; capacity and retention differ.
snapshots_uniform_minus_single_final_uniform,1,cross_entropy,-7.422123792106539,0.23540502690018786,-7.588580282953063,-7.255667301260014,-9.537154044510514,-5.307093539702564,Retained snapshot bank versus final sequential expert; capacity and retention differ.
snapshots_uniform_minus_single_final_uniform,2,accuracy,-0.02392578125,0.004833737762017415,-0.02734375,-0.0205078125,-0.06735519197022688,0.019503629470226887,Retained snapshot bank versus final sequential expert; capacity and retention differ.
snapshots_uniform_minus_single_final_uniform,2,macro_all_roles,-0.02392578125,0.004833737762017415,-0.02734375,-0.0205078125,-0.06735519197022688,0.019503629470226887,Retained snapshot bank versus final sequential expert; capacity and retention differ.
snapshots_uniform_minus_single_final_uniform,2,macro_agent_patient_accuracy,-0.0693359375,0.006905339660024878,-0.07421875,-0.064453125,-0.13137795281460984,-0.007293922185390156,Retained snapshot bank versus final sequential expert; capacity and retention differ.
snapshots_uniform_minus_single_final_uniform,2,cross_entropy,0.26473502422532313,0.2993286538837436,0.4763923451899592,0.05307770326068706,-2.424626229916064,2.95409627836671,Retained snapshot bank versus final sequential expert; capacity and retention differ.
snapshots_minus_duplicate_slots:uniform,all,accuracy,0.17399088541666669,0.06974393056625125,0.22330729166666666,0.12467447916666669,-0.4526334692608925,0.8006152400942259,ABC versus ABB at the same nominal slot count; unique functional capacity differs.
snapshots_minus_duplicate_slots:uniform,all,macro_all_roles,0.17399088541666669,0.06974393056625125,0.22330729166666666,0.12467447916666669,-0.4526334692608925,0.8006152400942259,ABC versus ABB at the same nominal slot count; unique functional capacity differs.
snapshots_minus_duplicate_slots:uniform,all,macro_agent_patient_accuracy,-0.0006510416666666505,0.0009207119546699805,1.3877787807814457e-17,-0.0013020833333333148,-0.008923310375281266,0.0076212270419479654,ABC versus ABB at the same nominal slot count; unique functional capacity differs.
snapshots_minus_duplicate_slots:uniform,all,cross_entropy,-1.4762809268507033,0.004737577039301356,-1.4729309539998197,-1.479630899701587,-1.5188463677555204,-1.4337154859458863,ABC versus ABB at the same nominal slot count; unique functional capacity differs.
snapshots_minus_duplicate_slots:uniform,0,accuracy,0.1845703125,0.04419417382415922,0.2158203125,0.1533203125,-0.21249858551350292,0.5816392105135029,ABC versus ABB at the same nominal slot count; unique functional capacity differs.
snapshots_minus_duplicate_slots:uniform,0,macro_all_roles,0.1845703125,0.04419417382415922,0.2158203125,0.1533203125,-0.21249858551350292,0.5816392105135029,ABC versus ABB at the same nominal slot count; unique functional capacity differs.
snapshots_minus_duplicate_slots:uniform,0,macro_agent_patient_accuracy,0.03125,0.04419417382415922,0.0,0.0625,-0.3658188980135029,0.4283188980135029,ABC versus ABB at the same nominal slot count; unique functional capacity differs.
snapshots_minus_duplicate_slots:uniform,0,cross_entropy,-0.314813262268525,0.03866295796751091,-0.34215210202808244,-0.2874744225089676,-0.6621861575099716,0.032559632972921526,ABC versus ABB at the same nominal slot count; unique functional capacity differs.
snapshots_minus_duplicate_slots:uniform,1,accuracy,0.0927734375,0.08838834764831845,0.1552734375,0.0302734375,-0.7013643585270058,0.8869112335270058,ABC versus ABB at the same nominal slot count; unique functional capacity differs.
snapshots_minus_duplicate_slots:uniform,1,macro_all_roles,0.0927734375,0.08838834764831845,0.1552734375,0.0302734375,-0.7013643585270058,0.8869112335270058,ABC versus ABB at the same nominal slot count; unique functional capacity differs.
snapshots_minus_duplicate_slots:uniform,1,macro_agent_patient_accuracy,-0.1748046875,0.03452669830012439,-0.150390625,-0.19921875,-0.48501476407304916,0.13540538907304916,ABC versus ABB at the same nominal slot count; unique functional capacity differs.
snapshots_minus_duplicate_slots:uniform,1,cross_entropy,0.03361647723093886,0.10429681245196555,-0.04013250610998753,0.10736546057186525,-0.9034532042025917,0.9706861586644694,ABC versus ABB at the same nominal slot count; unique functional capacity differs.
snapshots_minus_duplicate_slots:uniform,2,accuracy,0.24462890625,0.07664927022627614,0.298828125,0.1904296875,-0.4440374637421691,0.9332952762421691,ABC versus ABB at the same nominal slot count; unique functional capacity differs.
snapshots_minus_duplicate_slots:uniform,2,macro_all_roles,0.24462890625,0.07664927022627614,0.298828125,0.1904296875,-0.4440374637421691,0.9332952762421691,ABC versus ABB at the same nominal slot count; unique functional capacity differs.
snapshots_minus_duplicate_slots:uniform,2,macro_agent_patient_accuracy,0.1416015625,0.01242961138804478,0.150390625,0.1328125,0.029925934933702283,0.25327719006629773,ABC versus ABB at the same nominal slot count; unique functional capacity differs.
snapshots_minus_duplicate_slots:uniform,2,cross_entropy,-4.147645995514523,0.157172501537381,-4.036508253861388,-4.258783737167659,-5.559784894903956,-2.7355070961250902,ABC versus ABB at the same nominal slot count; unique functional capacity differs.
adaptive_novelty_minus_fixed_snapshots:uniform,all,accuracy,0.0,0.0,0.0,0.0,0.0,0.0,"Allocation-policy contrast; condition on observed K and lineage. Capacity is an outcome, not matched."
adaptive_novelty_minus_fixed_snapshots:uniform,all,macro_all_roles,0.0,0.0,0.0,0.0,0.0,0.0,"Allocation-policy contrast; condition on observed K and lineage. Capacity is an outcome, not matched."
adaptive_novelty_minus_fixed_snapshots:uniform,all,macro_agent_patient_accuracy,0.0,0.0,0.0,0.0,0.0,0.0,"Allocation-policy contrast; condition on observed K and lineage. Capacity is an outcome, not matched."
adaptive_novelty_minus_fixed_snapshots:uniform,all,cross_entropy,0.0,0.0,0.0,0.0,0.0,0.0,"Allocation-policy contrast; condition on observed K and lineage. Capacity is an outcome, not matched."
adaptive_novelty_minus_fixed_snapshots:uniform,0,accuracy,0.0,0.0,0.0,0.0,0.0,0.0,"Allocation-policy contrast; condition on observed K and lineage. Capacity is an outcome, not matched."
adaptive_novelty_minus_fixed_snapshots:uniform,0,macro_all_roles,0.0,0.0,0.0,0.0,0.0,0.0,"Allocation-policy contrast; condition on observed K and lineage. Capacity is an outcome, not matched."
adaptive_novelty_minus_fixed_snapshots:uniform,0,macro_agent_patient_accuracy,0.0,0.0,0.0,0.0,0.0,0.0,"Allocation-policy contrast; condition on observed K and lineage. Capacity is an outcome, not matched."
adaptive_novelty_minus_fixed_snapshots:uniform,0,cross_entropy,0.0,0.0,0.0,0.0,0.0,0.0,"Allocation-policy contrast; condition on observed K and lineage. Capacity is an outcome, not matched."
adaptive_novelty_minus_fixed_snapshots:uniform,1,accuracy,0.0,0.0,0.0,0.0,0.0,0.0,"Allocation-policy contrast; condition on observed K and lineage. Capacity is an outcome, not matched."
adaptive_novelty_minus_fixed_snapshots:uniform,1,macro_all_roles,0.0,0.0,0.0,0.0,0.0,0.0,"Allocation-policy contrast; condition on observed K and lineage. Capacity is an outcome, not matched."
adaptive_novelty_minus_fixed_snapshots:uniform,1,macro_agent_patient_accuracy,0.0,0.0,0.0,0.0,0.0,0.0,"Allocation-policy contrast; condition on observed K and lineage. Capacity is an outcome, not matched."
adaptive_novelty_minus_fixed_snapshots:uniform,1,cross_entropy,0.0,0.0,0.0,0.0,0.0,0.0,"Allocation-policy contrast; condition on observed K and lineage. Capacity is an outcome, not matched."
adaptive_novelty_minus_fixed_snapshots:uniform,2,accuracy,0.0,0.0,0.0,0.0,0.0,0.0,"Allocation-policy contrast; condition on observed K and lineage. Capacity is an outcome, not matched."
adaptive_novelty_minus_fixed_snapshots:uniform,2,macro_all_roles,0.0,0.0,0.0,0.0,0.0,0.0,"Allocation-policy contrast; condition on observed K and lineage. Capacity is an outcome, not matched."
adaptive_novelty_minus_fixed_snapshots:uniform,2,macro_agent_patient_accuracy,0.0,0.0,0.0,0.0,0.0,0.0,"Allocation-policy contrast; condition on observed K and lineage. Capacity is an outcome, not matched."
adaptive_novelty_minus_fixed_snapshots:uniform,2,cross_entropy,0.0,0.0,0.0,0.0,0.0,0.0,"Allocation-policy contrast; condition on observed K and lineage. Capacity is an outcome, not matched."
adaptive_resonance_minus_fixed_snapshots:uniform,all,accuracy,-0.01123046875,0.011739077422042292,-0.0029296875,-0.01953125,-0.11670189478483671,0.09424095728483671,"Allocation-policy contrast; condition on observed K and lineage. Capacity is an outcome, not matched."
adaptive_resonance_minus_fixed_snapshots:uniform,all,macro_all_roles,-0.01123046875,0.011739077422042292,-0.0029296875,-0.01953125,-0.11670189478483671,0.09424095728483671,"Allocation-policy contrast; condition on observed K and lineage. Capacity is an outcome, not matched."
adaptive_resonance_minus_fixed_snapshots:uniform,all,macro_agent_patient_accuracy,-0.000976562500000007,0.00966747552403484,0.005859375,-0.007812500000000014,-0.08783538394045387,0.08588225894045387,"Allocation-policy contrast; condition on observed K and lineage. Capacity is an outcome, not matched."
adaptive_resonance_minus_fixed_snapshots:uniform,all,cross_entropy,3.3305050277300854,2.6760269856287193,5.2227418559063485,1.4382681995538225,-20.71264352089439,27.373653576354563,"Allocation-policy contrast; condition on observed K and lineage. Capacity is an outcome, not matched."
adaptive_resonance_minus_fixed_snapshots:uniform,0,accuracy,-0.00732421875,0.004833737762017415,-0.0107421875,-0.00390625,-0.05075362947022689,0.03610519197022689,"Allocation-policy contrast; condition on observed K and lineage. Capacity is an outcome, not matched."
adaptive_resonance_minus_fixed_snapshots:uniform,0,macro_all_roles,-0.00732421875,0.004833737762017415,-0.0107421875,-0.00390625,-0.05075362947022689,0.03610519197022689,"Allocation-policy contrast; condition on observed K and lineage. Capacity is an outcome, not matched."
adaptive_resonance_minus_fixed_snapshots:uniform,0,macro_agent_patient_accuracy,0.001953125,0.0027621358640099515,0.0,0.00390625,-0.022863681125843933,0.026769931125843933,"Allocation-policy contrast; condition on observed K and lineage. Capacity is an outcome, not matched."
adaptive_resonance_minus_fixed_snapshots:uniform,0,cross_entropy,4.198877904849401,6.1619543766714955,8.556037629955942,-0.15828182025713855,-51.164085631690476,59.561841441389284,"Allocation-policy contrast; condition on observed K and lineage. Capacity is an outcome, not matched."
adaptive_resonance_minus_fixed_snapshots:uniform,1,accuracy,-0.033203125,0.011048543456039806,-0.025390625,-0.041015625,-0.13247034950337572,0.06606409950337573,"Allocation-policy contrast; condition on observed K and lineage. Capacity is an outcome, not matched."
adaptive_resonance_minus_fixed_snapshots:uniform,1,macro_all_roles,-0.033203125,0.011048543456039806,-0.025390625,-0.041015625,-0.13247034950337572,0.06606409950337573,"Allocation-policy contrast; condition on observed K and lineage. Capacity is an outcome, not matched."
adaptive_resonance_minus_fixed_snapshots:uniform,1,macro_agent_patient_accuracy,-0.0498046875,0.00966747552403483,-0.056640625,-0.04296875,-0.13666350894045376,0.03705413394045377,"Allocation-policy contrast; condition on observed K and lineage. Capacity is an outcome, not matched."
adaptive_resonance_minus_fixed_snapshots:uniform,1,cross_entropy,6.099729227957942,2.105553354327591,7.588580282953063,4.610878172962821,-12.817917098862983,25.017375554778866,"Allocation-policy contrast; condition on observed K and lineage. Capacity is an outcome, not matched."
adaptive_resonance_minus_fixed_snapshots:uniform,2,accuracy,0.0068359375,0.029002426572104487,0.02734375,-0.013671875,-0.2537405268213613,0.2674124018213613,"Allocation-policy contrast; condition on observed K and lineage. Capacity is an outcome, not matched."
adaptive_resonance_minus_fixed_snapshots:uniform,2,macro_all_roles,0.0068359375,0.029002426572104487,0.02734375,-0.013671875,-0.2537405268213613,0.2674124018213613,"Allocation-policy contrast; condition on observed K and lineage. Capacity is an outcome, not matched."
adaptive_resonance_minus_fixed_snapshots:uniform,2,macro_agent_patient_accuracy,0.044921875,0.04143203796014927,0.07421875,0.015625,-0.327330216887659,0.417173966887659,"Allocation-policy contrast; condition on observed K and lineage. Capacity is an outcome, not matched."
adaptive_resonance_minus_fixed_snapshots:uniform,2,cross_entropy,-0.30709204961708736,0.23942677411292904,-0.4763923451899592,-0.1377917540442155,-2.458256267104465,1.8440721678702907,"Allocation-policy contrast; condition on observed K and lineage. Capacity is an outcome, not matched."
snapshots_random_minus_single_final_uniform,all,accuracy,-0.13932291666666666,0.032224918413449447,-0.162109375,-0.11653645833333331,-0.4288523214681793,0.15020648813484602,Retained snapshot bank versus final sequential expert; capacity and retention differ.
snapshots_random_minus_single_final_uniform,all,macro_all_roles,-0.13932291666666666,0.032224918413449447,-0.162109375,-0.11653645833333331,-0.4288523214681793,0.15020648813484602,Retained snapshot bank versus final sequential expert; capacity and retention differ.
snapshots_random_minus_single_final_uniform,all,macro_agent_patient_accuracy,0.012369791666666664,0.0018414239093399707,0.011067708333333329,0.013671875,-0.004174745750562654,0.028914329083895983,Retained snapshot bank versus final sequential expert; capacity and retention differ.
snapshots_random_minus_single_final_uniform,all,cross_entropy,-1.2725147278066733,0.6242150170731278,-1.7139013992975585,-0.8311280563157881,-6.880864143702155,4.335834688088809,Retained snapshot bank versus final sequential expert; capacity and retention differ.
snapshots_random_minus_single_final_uniform,0,accuracy,-0.08447265625,0.029692960538106977,-0.10546875,-0.0634765625,-0.3512533221028223,0.18230800960282229,Retained snapshot bank versus final sequential expert; capacity and retention differ.
snapshots_random_minus_single_final_uniform,0,macro_all_roles,-0.08447265625,0.029692960538106977,-0.10546875,-0.0634765625,-0.3512533221028223,0.18230800960282229,Retained snapshot bank versus final sequential expert; capacity and retention differ.
snapshots_random_minus_single_final_uniform,0,macro_agent_patient_accuracy,0.1083984375,0.0041432037960149265,0.111328125,0.10546875,0.0711732283112341,0.1456236466887659,Retained snapshot bank versus final sequential expert; capacity and retention differ.
snapshots_random_minus_single_final_uniform,0,cross_entropy,-3.7685391688286765,1.023298495964619,-4.4921204745032535,-3.0449578631540994,-12.962511382184706,5.425433044527354,Retained snapshot bank versus final sequential expert; capacity and retention differ.
snapshots_random_minus_single_final_uniform,1,accuracy,-0.11083984375,0.03521723226612688,-0.1357421875,-0.0859375,-0.42725412185451017,0.20557443435451017,Retained snapshot bank versus final sequential expert; capacity and retention differ.
snapshots_random_minus_single_final_uniform,1,macro_all_roles,-0.11083984375,0.03521723226612688,-0.1357421875,-0.0859375,-0.42725412185451017,0.20557443435451017,Retained snapshot bank versus final sequential expert; capacity and retention differ.
snapshots_random_minus_single_final_uniform,1,macro_agent_patient_accuracy,0.0712890625,0.0013810679320049757,0.072265625,0.0703125,0.058880659437078035,0.08369746556292197,Retained snapshot bank versus final sequential expert; capacity and retention differ.
snapshots_random_minus_single_final_uniform,1,cross_entropy,-3.4176582990252644,0.5887240140614769,-3.833949041615499,-3.0013675564350297,-8.707133704258137,1.871817106207609,Retained snapshot bank versus final sequential expert; capacity and retention differ.
snapshots_random_minus_single_final_uniform,2,accuracy,-0.22265625,0.03176456243611444,-0.2451171875,-0.2001953125,-0.5080495204472053,0.06273702044720525,Retained snapshot bank versus final sequential expert; capacity and retention differ.
snapshots_random_minus_single_final_uniform,2,macro_all_roles,-0.22265625,0.03176456243611444,-0.2451171875,-0.2001953125,-0.5080495204472053,0.06273702044720525,Retained snapshot bank versus final sequential expert; capacity and retention differ.
snapshots_random_minus_single_final_uniform,2,macro_agent_patient_accuracy,-0.142578125,0.011048543456039806,-0.150390625,-0.134765625,-0.24184534950337572,-0.04331090049662427,Retained snapshot bank versus final sequential expert; capacity and retention differ.
snapshots_random_minus_single_final_uniform,2,cross_entropy,3.368653284433922,0.2606225411932849,3.18436531822608,3.552941250641764,1.0270526553364014,5.710253913531442,Retained snapshot bank versus final sequential expert; capacity and retention differ.
snapshots_minus_duplicate_slots:random,all,accuracy,0.055175781250000014,0.028772248583436986,0.07552083333333334,0.034830729166666685,-0.2033326158942076,0.3136841783942076,ABC versus ABB at the same nominal slot count; unique functional capacity differs.
snapshots_minus_duplicate_slots:random,all,macro_all_roles,0.055175781250000014,0.028772248583436986,0.07552083333333334,0.034830729166666685,-0.2033326158942076,0.3136841783942076,ABC versus ABB at the same nominal slot count; unique functional capacity differs.
snapshots_minus_duplicate_slots:random,all,macro_agent_patient_accuracy,-0.004882812499999986,0.00874676356936484,0.0013020833333333426,-0.011067708333333315,-0.08346936523183907,0.0737037402318391,ABC versus ABB at the same nominal slot count; unique functional capacity differs.
snapshots_minus_duplicate_slots:random,all,cross_entropy,0.4957639744440603,0.08536298106260778,0.5561247172157291,0.4354032316723915,-0.27119198125587707,1.2627199301439975,ABC versus ABB at the same nominal slot count; unique functional capacity differs.
snapshots_minus_duplicate_slots:random,0,accuracy,0.06005859375,0.022787620878082098,0.076171875,0.0439453125,-0.14468005678821244,0.26479724428821244,ABC versus ABB at the same nominal slot count; unique functional capacity differs.
snapshots_minus_duplicate_slots:random,0,macro_all_roles,0.06005859375,0.022787620878082098,0.076171875,0.0439453125,-0.14468005678821244,0.26479724428821244,ABC versus ABB at the same nominal slot count; unique functional capacity differs.
snapshots_minus_duplicate_slots:random,0,macro_agent_patient_accuracy,0.0,0.0,0.0,0.0,0.0,0.0,ABC versus ABB at the same nominal slot count; unique functional capacity differs.
snapshots_minus_duplicate_slots:random,0,cross_entropy,0.739987207184277,0.5165952847337673,1.1052752361485192,0.37469917822003485,-3.9014372766031213,5.381411690971675,ABC versus ABB at the same nominal slot count; unique functional capacity differs.
snapshots_minus_duplicate_slots:random,1,accuracy,0.01953125,0.035907766232129365,0.044921875,-0.005859375,-0.3030872296359711,0.3421497296359711,ABC versus ABB at the same nominal slot count; unique functional capacity differs.
snapshots_minus_duplicate_slots:random,1,macro_all_roles,0.01953125,0.035907766232129365,0.044921875,-0.005859375,-0.3030872296359711,0.3421497296359711,ABC versus ABB at the same nominal slot count; unique functional capacity differs.
snapshots_minus_duplicate_slots:random,1,macro_agent_patient_accuracy,-0.0830078125,0.017953883116064683,-0.0703125,-0.095703125,-0.24431705231798556,0.07830142731798556,ABC versus ABB at the same nominal slot count; unique functional capacity differs.
snapshots_minus_duplicate_slots:random,1,cross_entropy,2.4988691014840283,0.12996169811599415,2.40697230345169,2.590765899516367,1.3312095710625862,3.6665286319054706,ABC versus ABB at the same nominal slot count; unique functional capacity differs.
snapshots_minus_duplicate_slots:random,2,accuracy,0.0859375,0.027621358640099514,0.10546875,0.06640625,-0.16223056125843938,0.3341055612584394,ABC versus ABB at the same nominal slot count; unique functional capacity differs.
snapshots_minus_duplicate_slots:random,2,macro_all_roles,0.0859375,0.027621358640099514,0.10546875,0.06640625,-0.16223056125843938,0.3341055612584394,ABC versus ABB at the same nominal slot count; unique functional capacity differs.
snapshots_minus_duplicate_slots:random,2,macro_agent_patient_accuracy,0.068359375,0.008286407592029853,0.07421875,0.0625,-0.006091043377531802,0.1428097933775318,ABC versus ABB at the same nominal slot count; unique functional capacity differs.
snapshots_minus_duplicate_slots:random,2,cross_entropy,-1.7515643853361254,0.13054464342995006,-1.843873387953023,-1.6592553827192278,-2.924461471602272,-0.5786672990699788,ABC versus ABB at the same nominal slot count; unique functional capacity differs.
adaptive_novelty_minus_fixed_snapshots:random,all,accuracy,0.0,0.0,0.0,0.0,0.0,0.0,"Allocation-policy contrast; condition on observed K and lineage. Capacity is an outcome, not matched."
adaptive_novelty_minus_fixed_snapshots:random,all,macro_all_roles,0.0,0.0,0.0,0.0,0.0,0.0,"Allocation-policy contrast; condition on observed K and lineage. Capacity is an outcome, not matched."
adaptive_novelty_minus_fixed_snapshots:random,all,macro_agent_patient_accuracy,0.0,0.0,0.0,0.0,0.0,0.0,"Allocation-policy contrast; condition on observed K and lineage. Capacity is an outcome, not matched."
adaptive_novelty_minus_fixed_snapshots:random,all,cross_entropy,0.0,0.0,0.0,0.0,0.0,0.0,"Allocation-policy contrast; condition on observed K and lineage. Capacity is an outcome, not matched."
adaptive_novelty_minus_fixed_snapshots:random,0,accuracy,0.0,0.0,0.0,0.0,0.0,0.0,"Allocation-policy contrast; condition on observed K and lineage. Capacity is an outcome, not matched."
adaptive_novelty_minus_fixed_snapshots:random,0,macro_all_roles,0.0,0.0,0.0,0.0,0.0,0.0,"Allocation-policy contrast; condition on observed K and lineage. Capacity is an outcome, not matched."
adaptive_novelty_minus_fixed_snapshots:random,0,macro_agent_patient_accuracy,0.0,0.0,0.0,0.0,0.0,0.0,"Allocation-policy contrast; condition on observed K and lineage. Capacity is an outcome, not matched."
adaptive_novelty_minus_fixed_snapshots:random,0,cross_entropy,0.0,0.0,0.0,0.0,0.0,0.0,"Allocation-policy contrast; condition on observed K and lineage. Capacity is an outcome, not matched."
adaptive_novelty_minus_fixed_snapshots:random,1,accuracy,0.0,0.0,0.0,0.0,0.0,0.0,"Allocation-policy contrast; condition on observed K and lineage. Capacity is an outcome, not matched."
adaptive_novelty_minus_fixed_snapshots:random,1,macro_all_roles,0.0,0.0,0.0,0.0,0.0,0.0,"Allocation-policy contrast; condition on observed K and lineage. Capacity is an outcome, not matched."
adaptive_novelty_minus_fixed_snapshots:random,1,macro_agent_patient_accuracy,0.0,0.0,0.0,0.0,0.0,0.0,"Allocation-policy contrast; condition on observed K and lineage. Capacity is an outcome, not matched."
adaptive_novelty_minus_fixed_snapshots:random,1,cross_entropy,0.0,0.0,0.0,0.0,0.0,0.0,"Allocation-policy contrast; condition on observed K and lineage. Capacity is an outcome, not matched."
adaptive_novelty_minus_fixed_snapshots:random,2,accuracy,0.0,0.0,0.0,0.0,0.0,0.0,"Allocation-policy contrast; condition on observed K and lineage. Capacity is an outcome, not matched."
adaptive_novelty_minus_fixed_snapshots:random,2,macro_all_roles,0.0,0.0,0.0,0.0,0.0,0.0,"Allocation-policy contrast; condition on observed K and lineage. Capacity is an outcome, not matched."
adaptive_novelty_minus_fixed_snapshots:random,2,macro_agent_patient_accuracy,0.0,0.0,0.0,0.0,0.0,0.0,"Allocation-policy contrast; condition on observed K and lineage. Capacity is an outcome, not matched."
adaptive_novelty_minus_fixed_snapshots:random,2,cross_entropy,0.0,0.0,0.0,0.0,0.0,0.0,"Allocation-policy contrast; condition on observed K and lineage. Capacity is an outcome, not matched."
adaptive_resonance_minus_fixed_snapshots:random,all,accuracy,0.07356770833333331,0.1252168258351178,0.162109375,-0.01497395833333337,-1.0514608360382587,1.1985962527049252,"Allocation-policy contrast; condition on observed K and lineage. Capacity is an outcome, not matched."
adaptive_resonance_minus_fixed_snapshots:random,all,macro_all_roles,0.07356770833333331,0.1252168258351178,0.162109375,-0.01497395833333337,-1.0514608360382587,1.1985962527049252,"Allocation-policy contrast; condition on observed K and lineage. Capacity is an outcome, not matched."
adaptive_resonance_minus_fixed_snapshots:random,all,macro_agent_patient_accuracy,-0.00390625,0.010127831501369814,-0.011067708333333329,0.0032552083333333287,-0.09490120579476102,0.08708870579476102,"Allocation-policy contrast; condition on observed K and lineage. Capacity is an outcome, not matched."
adaptive_resonance_minus_fixed_snapshots:random,all,cross_entropy,0.9910980415977342,1.022198311387903,1.7139013992975585,0.2682946838979099,-8.192989405516794,10.175185488712263,"Allocation-policy contrast; condition on observed K and lineage. Capacity is an outcome, not matched."
adaptive_resonance_minus_fixed_snapshots:random,0,accuracy,0.06103515625,0.06283859090622639,0.10546875,0.0166015625,-0.5035471831129494,0.6256174956129494,"Allocation-policy contrast; condition on observed K and lineage. Capacity is an outcome, not matched."
adaptive_resonance_minus_fixed_snapshots:random,0,macro_all_roles,0.06103515625,0.06283859090622639,0.10546875,0.0166015625,-0.5035471831129494,0.6256174956129494,"Allocation-policy contrast; condition on observed K and lineage. Capacity is an outcome, not matched."
adaptive_resonance_minus_fixed_snapshots:random,0,macro_agent_patient_accuracy,-0.03125,0.113247570424408,-0.111328125,0.048828125,-1.0487390511596013,0.9862390511596013,"Allocation-policy contrast; condition on observed K and lineage. Capacity is an outcome, not matched."
adaptive_resonance_minus_fixed_snapshots:random,0,cross_entropy,1.9526894903901897,3.5912977384431506,4.4921204745032535,-0.5867414937228741,-30.31384050778964,34.21921948857002,"Allocation-policy contrast; condition on observed K and lineage. Capacity is an outcome, not matched."
adaptive_resonance_minus_fixed_snapshots:random,1,accuracy,0.037109375,0.13948786113250253,0.1357421875,-0.0615234375,-1.2161393343551186,1.2903580843551186,"Allocation-policy contrast; condition on observed K and lineage. Capacity is an outcome, not matched."
adaptive_resonance_minus_fixed_snapshots:random,1,macro_all_roles,0.037109375,0.13948786113250253,0.1357421875,-0.0615234375,-1.2161393343551186,1.2903580843551186,"Allocation-policy contrast; condition on observed K and lineage. Capacity is an outcome, not matched."
adaptive_resonance_minus_fixed_snapshots:random,1,macro_agent_patient_accuracy,-0.0712890625,0.0013810679320049757,-0.072265625,-0.0703125,-0.08369746556292197,-0.058880659437078035,"Allocation-policy contrast; condition on observed K and lineage. Capacity is an outcome, not matched."
adaptive_resonance_minus_fixed_snapshots:random,1,cross_entropy,3.040007981836972,1.1228022144636614,3.833949041615499,2.2460669220584446,-7.0479696723688665,13.12798563604281,"Allocation-policy contrast; condition on observed K and lineage. Capacity is an outcome, not matched."
adaptive_resonance_minus_fixed_snapshots:random,2,accuracy,0.12255859375,0.17332402546662445,0.2451171875,0.0,-1.434695990646707,1.679813178146707,"Allocation-policy contrast; condition on observed K and lineage. Capacity is an outcome, not matched."
adaptive_resonance_minus_fixed_snapshots:random,2,macro_all_roles,0.12255859375,0.17332402546662445,0.2451171875,0.0,-1.434695990646707,1.679813178146707,"Allocation-policy contrast; condition on observed K and lineage. Capacity is an outcome, not matched."
adaptive_resonance_minus_fixed_snapshots:random,2,macro_agent_patient_accuracy,0.0908203125,0.08424514385230351,0.150390625,0.03125,-0.66609227433824,0.84773289933824,"Allocation-policy contrast; condition on observed K and lineage. Capacity is an outcome, not matched."
adaptive_resonance_minus_fixed_snapshots:random,2,cross_entropy,-2.01940334743396,1.6475050187431055,-3.18436531822608,-0.85444137664184,-16.821648658476064,12.782841963608144,"Allocation-policy contrast; condition on observed K and lineage. Capacity is an outcome, not matched."
snapshots_scanner_minus_single_final_uniform,all,accuracy,-0.08138020833333334,0.05202022543885407,-0.1181640625,-0.044596354166666685,-0.5487633903700607,0.386002973703394,Retained snapshot bank versus final sequential expert; capacity and retention differ.
snapshots_scanner_minus_single_final_uniform,all,macro_all_roles,-0.08138020833333331,0.05202022543885411,-0.1181640625,-0.04459635416666663,-0.5487633903700609,0.3860029737033943,Retained snapshot bank versus final sequential expert; capacity and retention differ.
snapshots_scanner_minus_single_final_uniform,all,macro_agent_patient_accuracy,0.15852864583333331,0.0004603559773349853,0.158203125,0.15885416666666666,0.15439251147902605,0.16266478018764058,Retained snapshot bank versus final sequential expert; capacity and retention differ.
snapshots_scanner_minus_single_final_uniform,all,cross_entropy,-4.781480073896091,0.46786310108599705,-5.112309245340967,-4.4506509024512155,-8.985063259058876,-0.5778968887333065,Retained snapshot bank versus final sequential expert; capacity and retention differ.
snapshots_scanner_minus_single_final_uniform,0,accuracy,-0.13037109375,0.022787620878082098,-0.146484375,-0.1142578125,-0.33510974428821244,0.07436755678821244,Retained snapshot bank versus final sequential expert; capacity and retention differ.
snapshots_scanner_minus_single_final_uniform,0,macro_all_roles,-0.13037109375,0.022787620878082098,-0.146484375,-0.1142578125,-0.33510974428821244,0.07436755678821244,Retained snapshot bank versus final sequential expert; capacity and retention differ.
snapshots_scanner_minus_single_final_uniform,0,macro_agent_patient_accuracy,0.2744140625,0.023478154844084585,0.291015625,0.2578125,0.06347121043032658,0.48535691456967345,Retained snapshot bank versus final sequential expert; capacity and retention differ.
snapshots_scanner_minus_single_final_uniform,0,cross_entropy,-7.512277356500563,1.4731772853262974,-8.553971004844778,-6.470583708156349,-20.748250125003047,5.723695412001922,Retained snapshot bank versus final sequential expert; capacity and retention differ.
snapshots_scanner_minus_single_final_uniform,1,accuracy,-0.05908203125,0.10703276473038562,-0.134765625,0.0166015625,-1.0207332686264525,0.9025692061264525,Retained snapshot bank versus final sequential expert; capacity and retention differ.
snapshots_scanner_minus_single_final_uniform,1,macro_all_roles,-0.05908203125,0.10703276473038562,-0.134765625,0.0166015625,-1.0207332686264525,0.9025692061264525,Retained snapshot bank versus final sequential expert; capacity and retention differ.
snapshots_scanner_minus_single_final_uniform,1,macro_agent_patient_accuracy,0.2255859375,0.026240290708094537,0.20703125,0.244140625,-0.010173720695517363,0.46134559569551736,Retained snapshot bank versus final sequential expert; capacity and retention differ.
snapshots_scanner_minus_single_final_uniform,1,cross_entropy,-7.5044009448494124,0.20663368228416498,-7.650513022814092,-7.358288866884733,-9.36093092193416,-5.647870967764664,Retained snapshot bank versus final sequential expert; capacity and retention differ.
snapshots_scanner_minus_single_final_uniform,2,accuracy,-0.0546875,0.026240290708094537,-0.0732421875,-0.0361328125,-0.29044715819551736,0.18107215819551736,Retained snapshot bank versus final sequential expert; capacity and retention differ.
snapshots_scanner_minus_single_final_uniform,2,macro_all_roles,-0.0546875,0.026240290708094537,-0.0732421875,-0.0361328125,-0.29044715819551736,0.18107215819551736,Retained snapshot bank versus final sequential expert; capacity and retention differ.
snapshots_scanner_minus_single_final_uniform,2,macro_agent_patient_accuracy,-0.0244140625,0.0013810679320049757,-0.0234375,-0.025390625,-0.036822465562921965,-0.012005659437078034,Retained snapshot bank versus final sequential expert; capacity and retention differ.
snapshots_scanner_minus_single_final_uniform,2,cross_entropy,0.6722380796617037,0.2762216643524715,0.8675562916359707,0.47691986768743666,-1.8095151104371756,3.1539912697605827,Retained snapshot bank versus final sequential expert; capacity and retention differ.
snapshots_minus_duplicate_slots:scanner,all,accuracy,0.0869140625,0.023478154844084585,0.103515625,0.0703125,-0.12402878956967342,0.29785691456967345,ABC versus ABB at the same nominal slot count; unique functional capacity differs.
snapshots_minus_duplicate_slots:scanner,all,macro_all_roles,0.08691406250000003,0.023478154844084546,0.103515625,0.07031250000000006,-0.12402878956967303,0.2978569145696731,ABC versus ABB at the same nominal slot count; unique functional capacity differs.
snapshots_minus_duplicate_slots:scanner,all,macro_agent_patient_accuracy,0.06184895833333333,0.007365695637359864,0.06705729166666666,0.056640625,-0.004329191335583779,0.12802710800225042,ABC versus ABB at the same nominal slot count; unique functional capacity differs.
snapshots_minus_duplicate_slots:scanner,all,cross_entropy,-1.4281679414741715,0.058965013087724845,-1.3864733808670877,-1.4698625020812552,-1.9579475649433542,-0.8983883180049888,ABC versus ABB at the same nominal slot count; unique functional capacity differs.
snapshots_minus_duplicate_slots:scanner,0,accuracy,0.001953125,0.0027621358640099515,0.0,0.00390625,-0.022863681125843933,0.026769931125843933,ABC versus ABB at the same nominal slot count; unique functional capacity differs.
snapshots_minus_duplicate_slots:scanner,0,macro_all_roles,0.001953125,0.0027621358640099515,0.0,0.00390625,-0.022863681125843933,0.026769931125843933,ABC versus ABB at the same nominal slot count; unique functional capacity differs.
snapshots_minus_duplicate_slots:scanner,0,macro_agent_patient_accuracy,0.0,0.0,0.0,0.0,0.0,0.0,ABC versus ABB at the same nominal slot count; unique functional capacity differs.
snapshots_minus_duplicate_slots:scanner,0,cross_entropy,0.01699874989924055,0.02403986265089427,0.0,0.0339974997984811,-0.19899084658391433,0.23298834638239543,ABC versus ABB at the same nominal slot count; unique functional capacity differs.
snapshots_minus_duplicate_slots:scanner,1,accuracy,0.00146484375,0.0006905339660024879,0.001953125,0.0009765625,-0.004739357781460983,0.007669045281460983,ABC versus ABB at the same nominal slot count; unique functional capacity differs.
snapshots_minus_duplicate_slots:scanner,1,macro_all_roles,0.00146484375,0.0006905339660024879,0.001953125,0.0009765625,-0.004739357781460983,0.007669045281460983,ABC versus ABB at the same nominal slot count; unique functional capacity differs.
snapshots_minus_duplicate_slots:scanner,1,macro_agent_patient_accuracy,-0.0009765625,0.0013810679320049757,0.0,-0.001953125,-0.013384965562921966,0.011431840562921966,ABC versus ABB at the same nominal slot count; unique functional capacity differs.
snapshots_minus_duplicate_slots:scanner,1,cross_entropy,0.04900197458572819,0.07210686140176885,-0.0019852760815410875,0.09998922525299747,-0.5988524713403791,0.6968564205118355,ABC versus ABB at the same nominal slot count; unique functional capacity differs.
snapshots_minus_duplicate_slots:scanner,2,accuracy,0.25732421875,0.07250606643026122,0.30859375,0.2060546875,-0.3941169420534033,0.9087653795534033,ABC versus ABB at the same nominal slot count; unique functional capacity differs.
snapshots_minus_duplicate_slots:scanner,2,macro_all_roles,0.25732421875,0.07250606643026122,0.30859375,0.2060546875,-0.3941169420534033,0.9087653795534033,ABC versus ABB at the same nominal slot count; unique functional capacity differs.
snapshots_minus_duplicate_slots:scanner,2,macro_agent_patient_accuracy,0.1865234375,0.020716018980074635,0.201171875,0.171875,0.0003973915561704955,0.37264948344382953,ABC versus ABB at the same nominal slot count; unique functional capacity differs.
snapshots_minus_duplicate_slots:scanner,2,cross_entropy,-4.350504548907483,0.27304176331583735,-4.157434866519722,-4.543574231295244,-6.803687461724291,-1.8973216360906755,ABC versus ABB at the same nominal slot count; unique functional capacity differs.
adaptive_novelty_minus_fixed_snapshots:scanner,all,accuracy,0.0,0.0,0.0,0.0,0.0,0.0,"Allocation-policy contrast; condition on observed K and lineage. Capacity is an outcome, not matched."
adaptive_novelty_minus_fixed_snapshots:scanner,all,macro_all_roles,0.0,0.0,0.0,0.0,0.0,0.0,"Allocation-policy contrast; condition on observed K and lineage. Capacity is an outcome, not matched."
adaptive_novelty_minus_fixed_snapshots:scanner,all,macro_agent_patient_accuracy,0.0,0.0,0.0,0.0,0.0,0.0,"Allocation-policy contrast; condition on observed K and lineage. Capacity is an outcome, not matched."
adaptive_novelty_minus_fixed_snapshots:scanner,all,cross_entropy,0.0,0.0,0.0,0.0,0.0,0.0,"Allocation-policy contrast; condition on observed K and lineage. Capacity is an outcome, not matched."
adaptive_novelty_minus_fixed_snapshots:scanner,0,accuracy,0.0,0.0,0.0,0.0,0.0,0.0,"Allocation-policy contrast; condition on observed K and lineage. Capacity is an outcome, not matched."
adaptive_novelty_minus_fixed_snapshots:scanner,0,macro_all_roles,0.0,0.0,0.0,0.0,0.0,0.0,"Allocation-policy contrast; condition on observed K and lineage. Capacity is an outcome, not matched."
adaptive_novelty_minus_fixed_snapshots:scanner,0,macro_agent_patient_accuracy,0.0,0.0,0.0,0.0,0.0,0.0,"Allocation-policy contrast; condition on observed K and lineage. Capacity is an outcome, not matched."
adaptive_novelty_minus_fixed_snapshots:scanner,0,cross_entropy,0.0,0.0,0.0,0.0,0.0,0.0,"Allocation-policy contrast; condition on observed K and lineage. Capacity is an outcome, not matched."
adaptive_novelty_minus_fixed_snapshots:scanner,1,accuracy,0.0,0.0,0.0,0.0,0.0,0.0,"Allocation-policy contrast; condition on observed K and lineage. Capacity is an outcome, not matched."
adaptive_novelty_minus_fixed_snapshots:scanner,1,macro_all_roles,0.0,0.0,0.0,0.0,0.0,0.0,"Allocation-policy contrast; condition on observed K and lineage. Capacity is an outcome, not matched."
adaptive_novelty_minus_fixed_snapshots:scanner,1,macro_agent_patient_accuracy,0.0,0.0,0.0,0.0,0.0,0.0,"Allocation-policy contrast; condition on observed K and lineage. Capacity is an outcome, not matched."
adaptive_novelty_minus_fixed_snapshots:scanner,1,cross_entropy,0.0,0.0,0.0,0.0,0.0,0.0,"Allocation-policy contrast; condition on observed K and lineage. Capacity is an outcome, not matched."
adaptive_novelty_minus_fixed_snapshots:scanner,2,accuracy,0.0,0.0,0.0,0.0,0.0,0.0,"Allocation-policy contrast; condition on observed K and lineage. Capacity is an outcome, not matched."
adaptive_novelty_minus_fixed_snapshots:scanner,2,macro_all_roles,0.0,0.0,0.0,0.0,0.0,0.0,"Allocation-policy contrast; condition on observed K and lineage. Capacity is an outcome, not matched."
adaptive_novelty_minus_fixed_snapshots:scanner,2,macro_agent_patient_accuracy,0.0,0.0,0.0,0.0,0.0,0.0,"Allocation-policy contrast; condition on observed K and lineage. Capacity is an outcome, not matched."
adaptive_novelty_minus_fixed_snapshots:scanner,2,cross_entropy,0.0,0.0,0.0,0.0,0.0,0.0,"Allocation-policy contrast; condition on observed K and lineage. Capacity is an outcome, not matched."
adaptive_resonance_minus_fixed_snapshots:scanner,all,accuracy,0.03255208333333334,0.12107362203910285,0.1181640625,-0.053059895833333315,-1.0552512518494925,1.120355418516159,"Allocation-policy contrast; condition on observed K and lineage. Capacity is an outcome, not matched."
adaptive_resonance_minus_fixed_snapshots:scanner,all,macro_all_roles,0.032552083333333315,0.1210736220391029,0.1181640625,-0.05305989583333337,-1.0552512518494928,1.1203554185161593,"Allocation-policy contrast; condition on observed K and lineage. Capacity is an outcome, not matched."
adaptive_resonance_minus_fixed_snapshots:scanner,all,macro_agent_patient_accuracy,-0.11783854166666667,0.05708414118953899,-0.158203125,-0.07747395833333334,-0.6307192016007745,0.39504211826744123,"Allocation-policy contrast; condition on observed K and lineage. Capacity is an outcome, not matched."
adaptive_resonance_minus_fixed_snapshots:scanner,all,cross_entropy,3.5223903175003173,2.248484910825937,5.112309245340967,1.9324713896596677,-16.679445093971584,23.72422572897222,"Allocation-policy contrast; condition on observed K and lineage. Capacity is an outcome, not matched."
adaptive_resonance_minus_fixed_snapshots:scanner,0,accuracy,0.07470703125,0.10150849300236571,0.146484375,0.0029296875,-0.8373105938747646,0.9867246563747646,"Allocation-policy contrast; condition on observed K and lineage. Capacity is an outcome, not matched."
adaptive_resonance_minus_fixed_snapshots:scanner,0,macro_all_roles,0.07470703125,0.10150849300236571,0.146484375,0.0029296875,-0.8373105938747646,0.9867246563747646,"Allocation-policy contrast; condition on observed K and lineage. Capacity is an outcome, not matched."
adaptive_resonance_minus_fixed_snapshots:scanner,0,macro_agent_patient_accuracy,-0.142578125,0.2099223256647563,-0.291015625,0.005859375,-2.028655390564139,1.743499140564139,"Allocation-policy contrast; condition on observed K and lineage. Capacity is an outcome, not matched."
adaptive_resonance_minus_fixed_snapshots:scanner,0,cross_entropy,4.25598665434691,6.0782677593414025,8.553971004844778,-0.04199769615095761,-50.355082457060114,58.86705576575394,"Allocation-policy contrast; condition on observed K and lineage. Capacity is an outcome, not matched."
adaptive_resonance_minus_fixed_snapshots:scanner,1,accuracy,-0.00439453125,0.19680218031070904,0.134765625,-0.1435546875,-1.7725919677163804,1.7638029052163804,"Allocation-policy contrast; condition on observed K and lineage. Capacity is an outcome, not matched."
adaptive_resonance_minus_fixed_snapshots:scanner,1,macro_all_roles,-0.00439453125,0.19680218031070904,0.134765625,-0.1435546875,-1.7725919677163804,1.7638029052163804,"Allocation-policy contrast; condition on observed K and lineage. Capacity is an outcome, not matched."
adaptive_resonance_minus_fixed_snapshots:scanner,1,macro_agent_patient_accuracy,-0.2255859375,0.026240290708094537,-0.20703125,-0.244140625,-0.46134559569551736,0.010173720695517363,"Allocation-policy contrast; condition on observed K and lineage. Capacity is an outcome, not matched."
adaptive_resonance_minus_fixed_snapshots:scanner,1,cross_entropy,6.876428589842553,1.0947207035302373,7.650513022814092,6.102344156871014,-2.959246698778766,16.71210387846387,"Allocation-policy contrast; condition on observed K and lineage. Capacity is an outcome, not matched."
adaptive_resonance_minus_fixed_snapshots:scanner,2,accuracy,0.02734375,0.06491019280423385,0.0732421875,-0.0185546875,-0.5558511939573324,0.6105386939573324,"Allocation-policy contrast; condition on observed K and lineage. Capacity is an outcome, not matched."
adaptive_resonance_minus_fixed_snapshots:scanner,2,macro_all_roles,0.02734375,0.06491019280423385,0.0732421875,-0.0185546875,-0.5558511939573324,0.6105386939573324,"Allocation-policy contrast; condition on observed K and lineage. Capacity is an outcome, not matched."
adaptive_resonance_minus_fixed_snapshots:scanner,2,macro_agent_patient_accuracy,0.0146484375,0.01242961138804478,0.0234375,0.005859375,-0.09702719006629772,0.12632406506629773,"Allocation-policy contrast; condition on observed K and lineage. Capacity is an outcome, not matched."
adaptive_resonance_minus_fixed_snapshots:scanner,2,cross_entropy,-0.5652442916885124,0.4275337303938299,-0.8675562916359707,-0.26293229174105415,-4.406482457301166,3.275993873924141,"Allocation-policy contrast; condition on observed K and lineage. Capacity is an outcome, not matched."
snapshots_learned_minus_single_final_uniform,all,accuracy,0.08642578125,0.009437297535367307,0.07975260416666669,0.09309895833333331,0.0016350269867001221,0.17121653551329988,Retained snapshot bank versus final sequential expert; capacity and retention differ.
snapshots_learned_minus_single_final_uniform,all,macro_all_roles,0.08642578125,0.009437297535367307,0.07975260416666669,0.09309895833333331,0.0016350269867001221,0.17121653551329988,Retained snapshot bank versus final sequential expert; capacity and retention differ.
snapshots_learned_minus_single_final_uniform,all,macro_agent_patient_accuracy,0.16341145833333331,0.012889967365379767,0.154296875,0.17252604166666666,0.047599696412728335,0.2792232202539383,Retained snapshot bank versus final sequential expert; capacity and retention differ.
snapshots_learned_minus_single_final_uniform,all,cross_entropy,-5.391505947144451,0.3547196968573519,-5.642330650212721,-5.140681244076181,-8.578535977284677,-2.204475917004225,Retained snapshot bank versus final sequential expert; capacity and retention differ.
snapshots_learned_minus_single_final_uniform,0,accuracy,0.13818359375,0.007595873626027366,0.1328125,0.1435546875,0.06993737690392918,0.20642981059607082,Retained snapshot bank versus final sequential expert; capacity and retention differ.
snapshots_learned_minus_single_final_uniform,0,macro_all_roles,0.13818359375,0.007595873626027366,0.1328125,0.1435546875,0.06993737690392918,0.20642981059607082,Retained snapshot bank versus final sequential expert; capacity and retention differ.
snapshots_learned_minus_single_final_uniform,0,macro_agent_patient_accuracy,0.267578125,0.011048543456039806,0.259765625,0.275390625,0.16831090049662428,0.3668453495033757,Retained snapshot bank versus final sequential expert; capacity and retention differ.
snapshots_learned_minus_single_final_uniform,0,cross_entropy,-8.13383910191654,1.0809235576307894,-8.89816747946156,-7.369510724371521,-17.84555195286852,1.5778737490354402,Retained snapshot bank versus final sequential expert; capacity and retention differ.
snapshots_learned_minus_single_final_uniform,1,accuracy,0.1201171875,0.02209708691207961,0.1044921875,0.1357421875,-0.07841726150675146,0.31865163650675143,Retained snapshot bank versus final sequential expert; capacity and retention differ.
snapshots_learned_minus_single_final_uniform,1,macro_all_roles,0.1201171875,0.02209708691207961,0.1044921875,0.1357421875,-0.07841726150675146,0.31865163650675143,Retained snapshot bank versus final sequential expert; capacity and retention differ.
snapshots_learned_minus_single_final_uniform,1,macro_agent_patient_accuracy,0.22265625,0.027621358640099514,0.203125,0.2421875,-0.025511811258439376,0.4708243112584394,Retained snapshot bank versus final sequential expert; capacity and retention differ.
snapshots_learned_minus_single_final_uniform,1,cross_entropy,-7.810909211559288,0.2233689873642009,-7.968854937231287,-7.652963485887289,-9.817799939192042,-5.804018483926534,Retained snapshot bank versus final sequential expert; capacity and retention differ.
snapshots_learned_minus_single_final_uniform,2,accuracy,0.0009765625,0.0013810679320049757,0.001953125,0.0,-0.011431840562921966,0.013384965562921966,Retained snapshot bank versus final sequential expert; capacity and retention differ.
snapshots_learned_minus_single_final_uniform,2,macro_all_roles,0.0009765625,0.0013810679320049757,0.001953125,0.0,-0.011431840562921966,0.013384965562921966,Retained snapshot bank versus final sequential expert; capacity and retention differ.
snapshots_learned_minus_single_final_uniform,2,macro_agent_patient_accuracy,0.0,0.0,0.0,0.0,0.0,0.0,Retained snapshot bank versus final sequential expert; capacity and retention differ.
snapshots_learned_minus_single_final_uniform,2,cross_entropy,-0.2297695279575246,0.24013345442293585,-0.0599695339453159,-0.3995695219697333,-2.3872830161215917,1.9277439602065427,Retained snapshot bank versus final sequential expert; capacity and retention differ.
snapshots_minus_duplicate_slots:learned,all,accuracy,0.20670572916666666,0.06951375257758378,0.255859375,0.15755208333333331,-0.4178505583337392,0.8312620166670724,ABC versus ABB at the same nominal slot count; unique functional capacity differs.
snapshots_minus_duplicate_slots:learned,all,macro_all_roles,0.20670572916666666,0.06951375257758378,0.255859375,0.15755208333333331,-0.4178505583337392,0.8312620166670724,ABC versus ABB at the same nominal slot count; unique functional capacity differs.
snapshots_minus_duplicate_slots:learned,all,macro_agent_patient_accuracy,0.06477864583333334,0.00046035597733500494,0.06510416666666669,0.064453125,0.060642511479025905,0.06891478018764079,ABC versus ABB at the same nominal slot count; unique functional capacity differs.
snapshots_minus_duplicate_slots:learned,all,cross_entropy,-1.6935928994681304,0.02857793736697439,-1.7138005527726425,-1.6733852461636185,-1.9503554795980986,-1.4368303193381622,ABC versus ABB at the same nominal slot count; unique functional capacity differs.
snapshots_minus_duplicate_slots:learned,0,accuracy,0.16943359375,0.049027911586176635,0.2041015625,0.134765625,-0.27106471498372986,0.6099319024837299,ABC versus ABB at the same nominal slot count; unique functional capacity differs.
snapshots_minus_duplicate_slots:learned,0,macro_all_roles,0.16943359375,0.049027911586176635,0.2041015625,0.134765625,-0.27106471498372986,0.6099319024837299,ABC versus ABB at the same nominal slot count; unique functional capacity differs.
snapshots_minus_duplicate_slots:learned,0,macro_agent_patient_accuracy,-0.013671875,0.016572815184059706,-0.025390625,-0.001953125,-0.1625727117550636,0.1352289617550636,ABC versus ABB at the same nominal slot count; unique functional capacity differs.
snapshots_minus_duplicate_slots:learned,0,cross_entropy,-0.2726441576402886,0.06470994680557152,-0.318400999836729,-0.22688731544384821,-0.8540399626808753,0.30875164740029815,ABC versus ABB at the same nominal slot count; unique functional capacity differs.
snapshots_minus_duplicate_slots:learned,1,accuracy,0.1806640625,0.07457766832826869,0.2333984375,0.1279296875,-0.48938970289778627,0.8507178278977863,ABC versus ABB at the same nominal slot count; unique functional capacity differs.
snapshots_minus_duplicate_slots:learned,1,macro_all_roles,0.1806640625,0.07457766832826869,0.2333984375,0.1279296875,-0.48938970289778627,0.8507178278977863,ABC versus ABB at the same nominal slot count; unique functional capacity differs.
snapshots_minus_duplicate_slots:learned,1,macro_agent_patient_accuracy,-0.0029296875,0.0013810679320049757,-0.00390625,-0.001953125,-0.015338090562921966,0.009478715562921966,ABC versus ABB at the same nominal slot count; unique functional capacity differs.
snapshots_minus_duplicate_slots:learned,1,cross_entropy,-0.29783297360007155,0.13143920772047912,-0.39077452869300955,-0.20489141850713355,-1.4787674011333247,0.8831014539331816,ABC versus ABB at the same nominal slot count; unique functional capacity differs.
snapshots_minus_duplicate_slots:learned,2,accuracy,0.27001953125,0.08493567781830601,0.330078125,0.2099609375,-0.4930972571197011,1.0331363196197012,ABC versus ABB at the same nominal slot count; unique functional capacity differs.
snapshots_minus_duplicate_slots:learned,2,macro_all_roles,0.27001953125,0.08493567781830601,0.330078125,0.2099609375,-0.4930972571197011,1.0331363196197012,ABC versus ABB at the same nominal slot count; unique functional capacity differs.
snapshots_minus_duplicate_slots:learned,2,macro_agent_patient_accuracy,0.2109375,0.01933495104806966,0.224609375,0.197265625,0.03721985711909245,0.3846551428809075,ABC versus ABB at the same nominal slot count; unique functional capacity differs.
snapshots_minus_duplicate_slots:learned,2,cross_entropy,-4.510301567164031,0.11041534242512747,-4.432226129788189,-4.588377004539874,-5.502344059347966,-3.5182590749800964,ABC versus ABB at the same nominal slot count; unique functional capacity differs.
adaptive_novelty_minus_fixed_snapshots:learned,all,accuracy,0.0,0.0,0.0,0.0,0.0,0.0,"Allocation-policy contrast; condition on observed K and lineage. Capacity is an outcome, not matched."
adaptive_novelty_minus_fixed_snapshots:learned,all,macro_all_roles,0.0,0.0,0.0,0.0,0.0,0.0,"Allocation-policy contrast; condition on observed K and lineage. Capacity is an outcome, not matched."
adaptive_novelty_minus_fixed_snapshots:learned,all,macro_agent_patient_accuracy,0.0,0.0,0.0,0.0,0.0,0.0,"Allocation-policy contrast; condition on observed K and lineage. Capacity is an outcome, not matched."
adaptive_novelty_minus_fixed_snapshots:learned,all,cross_entropy,0.0,0.0,0.0,0.0,0.0,0.0,"Allocation-policy contrast; condition on observed K and lineage. Capacity is an outcome, not matched."
adaptive_novelty_minus_fixed_snapshots:learned,0,accuracy,0.0,0.0,0.0,0.0,0.0,0.0,"Allocation-policy contrast; condition on observed K and lineage. Capacity is an outcome, not matched."
adaptive_novelty_minus_fixed_snapshots:learned,0,macro_all_roles,0.0,0.0,0.0,0.0,0.0,0.0,"Allocation-policy contrast; condition on observed K and lineage. Capacity is an outcome, not matched."
adaptive_novelty_minus_fixed_snapshots:learned,0,macro_agent_patient_accuracy,0.0,0.0,0.0,0.0,0.0,0.0,"Allocation-policy contrast; condition on observed K and lineage. Capacity is an outcome, not matched."
adaptive_novelty_minus_fixed_snapshots:learned,0,cross_entropy,0.0,0.0,0.0,0.0,0.0,0.0,"Allocation-policy contrast; condition on observed K and lineage. Capacity is an outcome, not matched."
adaptive_novelty_minus_fixed_snapshots:learned,1,accuracy,0.0,0.0,0.0,0.0,0.0,0.0,"Allocation-policy contrast; condition on observed K and lineage. Capacity is an outcome, not matched."
adaptive_novelty_minus_fixed_snapshots:learned,1,macro_all_roles,0.0,0.0,0.0,0.0,0.0,0.0,"Allocation-policy contrast; condition on observed K and lineage. Capacity is an outcome, not matched."
adaptive_novelty_minus_fixed_snapshots:learned,1,macro_agent_patient_accuracy,0.0,0.0,0.0,0.0,0.0,0.0,"Allocation-policy contrast; condition on observed K and lineage. Capacity is an outcome, not matched."
adaptive_novelty_minus_fixed_snapshots:learned,1,cross_entropy,0.0,0.0,0.0,0.0,0.0,0.0,"Allocation-policy contrast; condition on observed K and lineage. Capacity is an outcome, not matched."
adaptive_novelty_minus_fixed_snapshots:learned,2,accuracy,0.0,0.0,0.0,0.0,0.0,0.0,"Allocation-policy contrast; condition on observed K and lineage. Capacity is an outcome, not matched."
adaptive_novelty_minus_fixed_snapshots:learned,2,macro_all_roles,0.0,0.0,0.0,0.0,0.0,0.0,"Allocation-policy contrast; condition on observed K and lineage. Capacity is an outcome, not matched."
adaptive_novelty_minus_fixed_snapshots:learned,2,macro_agent_patient_accuracy,0.0,0.0,0.0,0.0,0.0,0.0,"Allocation-policy contrast; condition on observed K and lineage. Capacity is an outcome, not matched."
adaptive_novelty_minus_fixed_snapshots:learned,2,cross_entropy,0.0,0.0,0.0,0.0,0.0,0.0,"Allocation-policy contrast; condition on observed K and lineage. Capacity is an outcome, not matched."
adaptive_resonance_minus_fixed_snapshots:learned,all,accuracy,-0.06266276041666666,0.024168688810087113,-0.07975260416666669,-0.04557291666666663,-0.2798098140178015,0.15448429318446813,"Allocation-policy contrast; condition on observed K and lineage. Capacity is an outcome, not matched."
adaptive_resonance_minus_fixed_snapshots:learned,all,macro_all_roles,-0.06266276041666669,0.024168688810087074,-0.07975260416666669,-0.045572916666666685,-0.27980981401780114,0.15448429318446777,"Allocation-policy contrast; condition on observed K and lineage. Capacity is an outcome, not matched."
adaptive_resonance_minus_fixed_snapshots:learned,all,macro_agent_patient_accuracy,-0.1171875,0.052480581416189075,-0.154296875,-0.080078125,-0.5887068163910347,0.3543318163910347,"Allocation-policy contrast; condition on observed K and lineage. Capacity is an outcome, not matched."
adaptive_resonance_minus_fixed_snapshots:learned,all,cross_entropy,3.63434530451417,2.8397201089333186,5.642330650212721,1.6263599588156192,-21.879527605686995,29.148218214715335,"Allocation-policy contrast; condition on observed K and lineage. Capacity is an outcome, not matched."
adaptive_resonance_minus_fixed_snapshots:learned,0,accuracy,-0.06787109375,0.09184101747833089,-0.1328125,-0.0029296875,-0.8930298974343108,0.7572877099343108,"Allocation-policy contrast; condition on observed K and lineage. Capacity is an outcome, not matched."
adaptive_resonance_minus_fixed_snapshots:learned,0,macro_all_roles,-0.06787109375,0.09184101747833089,-0.1328125,-0.0029296875,-0.8930298974343108,0.7572877099343108,"Allocation-policy contrast; condition on observed K and lineage. Capacity is an outcome, not matched."
adaptive_resonance_minus_fixed_snapshots:learned,0,macro_agent_patient_accuracy,-0.12890625,0.18506310288866673,-0.259765625,0.001953125,-1.7916322604315436,1.5338197604315436,"Allocation-policy contrast; condition on observed K and lineage. Capacity is an outcome, not matched."
adaptive_resonance_minus_fixed_snapshots:learned,0,cross_entropy,4.420415511405992,6.332497562167001,8.89816747946156,-0.05733645664957465,-52.47481775366979,61.31564877648177,"Allocation-policy contrast; condition on observed K and lineage. Capacity is an outcome, not matched."
adaptive_resonance_minus_fixed_snapshots:learned,1,accuracy,-0.119140625,0.020716018980074635,-0.1044921875,-0.1337890625,-0.30526667094382953,0.0669854209438295,"Allocation-policy contrast; condition on observed K and lineage. Capacity is an outcome, not matched."
adaptive_resonance_minus_fixed_snapshots:learned,1,macro_all_roles,-0.119140625,0.020716018980074635,-0.1044921875,-0.1337890625,-0.30526667094382953,0.0669854209438295,"Allocation-policy contrast; condition on observed K and lineage. Capacity is an outcome, not matched."
adaptive_resonance_minus_fixed_snapshots:learned,1,macro_agent_patient_accuracy,-0.22265625,0.027621358640099514,-0.203125,-0.2421875,-0.4708243112584394,0.025511811258439376,"Allocation-policy contrast; condition on observed K and lineage. Capacity is an outcome, not matched."
adaptive_resonance_minus_fixed_snapshots:learned,1,cross_entropy,6.436217714436112,2.167476346674771,7.968854937231287,4.903580491640938,-13.037784625076068,25.91022005394829,"Allocation-policy contrast; condition on observed K and lineage. Capacity is an outcome, not matched."
adaptive_resonance_minus_fixed_snapshots:learned,2,accuracy,-0.0009765625,0.0013810679320049757,-0.001953125,0.0,-0.013384965562921966,0.011431840562921966,"Allocation-policy contrast; condition on observed K and lineage. Capacity is an outcome, not matched."
adaptive_resonance_minus_fixed_snapshots:learned,2,macro_all_roles,-0.0009765625,0.0013810679320049757,-0.001953125,0.0,-0.013384965562921966,0.011431840562921966,"Allocation-policy contrast; condition on observed K and lineage. Capacity is an outcome, not matched."
adaptive_resonance_minus_fixed_snapshots:learned,2,macro_agent_patient_accuracy,0.0,0.0,0.0,0.0,0.0,0.0,"Allocation-policy contrast; condition on observed K and lineage. Capacity is an outcome, not matched."
adaptive_resonance_minus_fixed_snapshots:learned,2,cross_entropy,0.046402687700405454,0.01918641795818285,0.0599695339453159,0.03283584145549501,-0.12598043831512162,0.21878581371593253,"Allocation-policy contrast; condition on observed K and lineage. Capacity is an outcome, not matched."
